catch_id,catch_s_id,catch_latitude,catch_longitude,,,,,,,
2,81,47.68865629,-122.2609398,,,,,,,
6,99,44.60162745,-92.53824591,,catch_id,ID number to match to image names ,,,,
8,192,47.68458511,-122.3367196,,catch_s_id,"Species ID number, match to species codes on second tab",,,,
9,209,48.76039207,-122.4230881,,catch_latitude ,Latitude of catch,,,,
12,107,37.5944,-122.1469,,catch_longitude,Longitude of catch,,,,
15,81,38.1481,-119.7751,,,,,,,
16,139,37.0807,-121.0494,,,,,,,
17,107,37.2985,-122.0772,,,,,,,
23,218,47.3515,-121.3017,,,,,,,
24,192,47.6399,-122.3312,,,,,,,
30,81,42.0941,-84.2985,,,,,,,
31,108,29.5583,-95.0359,,,,,,,
32,81,NULL,NULL,,,,,,,
33,81,NULL,NULL,,,,,,,
34,127,NULL,NULL,,,,,,,
35,81,47.695,-122.2687,,,,,,,
39,81,NULL,NULL,,,,,,,`
41,32,NULL,NULL,,,,,,,
44,81,NULL,NULL,,,,,,,
46,166,46.05250241,-95.34594689,,,,,,,
47,209,45.41062715,-94.54619081,,,,,,,
48,52,44.78529719,-93.58177529,,,,,,,
49,91,NULL,NULL,,,,,,,
50,111,33.3511,-80.1134,,,,,,,
56,127,46.4105,-94.7839,,,,,,,
58,241,49.7770247,-112.1466376,,,,,,,
59,152,49.7772607,-112.1465072,,,,,,,
60,152,49.7773103,-112.1466782,,,,,,,
61,91,49.7772607,-112.1465072,,,,,,,
62,152,49.7772607,-112.1465072,,,,,,,
63,79,47.852,-122.2425,,,,,,,
64,81,36.0851,-82.8537,,,,,,,
66,152,NULL,NULL,,,,,,,
68,81,NULL,NULL,,,,,,,
71,127,NULL,NULL,,,,,,,
73,91,49.7770495,-112.1467231,,,,,,,
80,117,48.9851,-95.1369,,,,,,,
81,81,32.6241,-83.6367,,,,,,,
83,81,NULL,NULL,,,,,,,
84,81,39.4526,-76.5659,,,,,,,
85,48,NULL,NULL,,,,,,,
88,81,NULL,NULL,,,,,,,
89,81,NULL,NULL,,,,,,,
91,81,NULL,NULL,,,,,,,
92,152,48.8791,-94.7659,,,,,,,
93,81,NULL,NULL,,,,,,,
94,81,NULL,NULL,,,,,,,
96,91,45.3668,-94.2748,,,,,,,
98,81,33.80418759,-116.7811272,,,,,,,
99,81,43.1578,-89.3806,,,,,,,
100,91,,,,,,,,,
108,32,34.0589,-84.675,,,,,,,
109,18,46.2123,-94.5502,,,,,,,
111,81,31.4591,-85.6405,,,,,,,
113,81,33.4584,-86.3189,,,,,,,
114,81,33.88149973,-117.1725879,,,,,,,
118,156,32.9955,-97.1319,,,,,,,
119,81,NULL,NULL,,,,,,,
121,152,46.4036,-94.781,,,,,,,
124,200,33.4599,-86.3188,,,,,,,
125,81,40.5271,-92.5458,,,,,,,
126,32,36.0886,-82.8449,,,,,,,
127,127,42.5645,-88.4685,,,,,,,
133,204,47.8557,-120.0607,,,,,,,
136,68,33.6566,-118.0025,,,,,,,
137,186,33.6566,-118.0025,,,,,,,
138,81,31.9695,-98.4986,,,,,,,
139,81,33.0851,-79.943,,,,,,,
141,81,28.6079,-82.5594,,,,,,,
142,81,43.1297,-88.4063,,,,,,,
144,81,31.9768,-98.0319,,,,,,,
145,81,43.0578,-88.435,,,,,,,
146,107,40.7331,-106.3122,,,,,,,
150,107,42.985687,-88.19720148,,,,,,,
151,218,44.45118603,-87.31673308,,,,,,,
152,192,43.16737436,-88.31323079,,,,,,,
153,114,43.01371236,-88.22898134,,,,,,,
154,105,42.74254044,-88.56413812,,,,,,,
155,166,43.1666,-88.3118,,,,,,,
156,127,32.7842,-97.6875,,,,,,,
160,81,33.0859,-79.9421,,,,,,,
163,81,43.2167,-77.4413,,,,,,,
164,81,43.2195,-77.4429,,,,,,,
166,81,-17.7872,75.04,,,,,,,
167,81,39.6789,-84.6533,,,,,,,
173,81,42.91512079,-88.13582311,,,,,,,
174,81,40.19474551,-92.58324642,,,,,,,
175,81,42.91471506,-88.13620206,,,,,,,
179,5,35.475,-83.3343,,,,,,,
181,81,42.8403,-85.4483,,,,,,,
189,81,39.5682,-105.0179,,,,,,,
190,81,39.547,-105.0428,,,,,,,
193,17,45.0478,-92.8221,,,,,,,
197,81,39.5659,-105.0069,,,,,,,
202,81,39.5672,-105.0167,,,,,,,
204,81,11.9132,-43.04,,,,,,,
207,81,30.4026,-95.6545,,,,,,,
208,81,30.4191,-95.6605,,,,,,,
209,60,33.8711,-91.825,,,,,,,
210,81,42.3517,-88.9765,,,,,,,
211,89,42.3517,-88.9765,,,,,,,
212,111,-53.8524,-13.6,,,,,,,
213,81,39.5696,-105.0118,,,,,,,
214,81,31.9804,-98.4858,,,,,,,
215,105,45.0471,-92.8206,,,,,,,
218,81,42.41669783,-82.66656741,,,,,,,
220,152,43.6011,-89.7937,,,,,,,
224,135,39.5212,-121.4611,,,,,,,
225,81,38.8678,-94.1708,,,,,,,
226,32,33.967,-118.0492,,,,,,,
227,48,36.8171,-107.9945,,,,,,,
229,146,39.5932,-77.3024,,,,,,,
231,127,47.6740898,-116.7262185,,,,,,,
233,81,45.0472,-92.822,,,,,,,
235,139,39.9398,-86.265,,,,,,,
237,166,47.6491,-122.1053,,,,,,,
238,81,36.69239835,-76.18513006,,,,,,,
239,81,30.403,-95.6087,,,,,,,
244,81,43.02088622,-78.49529806,,,,,,,
246,81,35.18824672,-81.29123452,,,,,,,
247,127,32.7842,-97.6875,,,,,,,
248,81,37.18277018,-121.6932216,,,,,,,
249,76,28.084,-80.146,,,,,,,
250,81,39.5466,-105.0429,,,,,,,
255,81,31.26045982,-95.55244744,,,,,,,
256,81,28.64783727,-82.25867085,,,,,,,
258,81,38.312,-84.0274,,,,,,,
260,81,31.26045982,-95.55244744,,,,,,,
261,81,46.2075,-94.5415,,,,,,,
265,62,47.3663,-122.4785,,,,,,,
266,158,25,-90,,,,,,,
267,91,38.7852,-104.8074,,,,,,,
268,81,39.5323,-105.0187,,,,,,,
270,81,39.532,-105.0193,,,,,,,
272,223,26.52419519,-80.05199811,,,,,,,
273,81,34.80119562,-87.69891635,,,,,,,
279,32,35.05407974,-78.87779912,,,,,,,
280,81,39.9304,-77.248,,,,,,,
282,81,45.18823589,-116.5596388,,,,,,,
283,81,26.9894,-82.1029,,,,,,,
286,81,31.26045982,-95.55244744,,,,,,,
287,32,33.85996914,-117.2030997,,,,,,,
288,81,39.1964,-74.8252,,,,,,,
289,81,40.23113896,-79.9716285,,,,,,,
291,81,30.8236,-84.0449,,,,,,,
297,18,47.6356,-122.3398,,,,,,,
300,79,41.1477,-77.4125,,,,,,,
302,81,43.13801983,-93.37936977,,,,,,,
304,146,43.0127,-88.2299,,,,,,,
305,81,28.9579,-82.3609,,,,,,,
307,114,34.8581,-87.7149,,,,,,,
308,81,33.4018,-91.1482,,,,,,,
310,81,38.6885,-90.501,,,,,,,
312,253,47.93158248,-122.2253385,,,,,,,
313,81,31.3138,-90.5019,,,,,,,
319,81,29.5795,-90.6587,,,,,,,
321,52,36.2706834,-79.9271077,,,,,,,
327,85,39.0258,-94.3642,,,,,,,
339,81,38.6255,-90.3441,,,,,,,
340,91,44.98379654,-83.86251628,,,,,,,
341,81,37.64418368,-97.34082413,,,,,,,
344,114,46.1031,-93.7204,,,,,,,
346,135,33.86063474,-86.77421241,,,,,,,
347,81,40.0687,-74.1359,,,,,,,
349,48,41.5061,-83.1535,,,,,,,
354,18,37.91331224,-90.55368034,,,,,,,
355,127,36.1869,-81.1112,,,,,,,
360,81,34.45630832,-92.31925274,,,,,,,
361,48,40.9051,-78.2193,,,,,,,
362,127,41.60623868,-87.95677041,,,,,,,
364,32,32.3509,-98.0103,,,,,,,
365,81,32.2797,-97.9221,,,,,,,
367,81,27.8661,-82.3265,,,,,,,
373,52,35.88535641,-84.30019694,,,,,,,
379,127,39.9933,-79.2387,,,,,,,
380,152,46.2117,-94.6182,,,,,,,
382,52,40.0319,-75.0569,,,,,,,
386,52,39.2225,-76.6294,,,,,,,
388,121,34.69480706,-84.4821473,,,,,,,
390,81,36.9786,-120.0635,,,,,,,
391,81,42.2164,-88.2523,,,,,,,
392,81,29.57519509,-82.06228025,,,,,,,
393,81,28.1078,-82.7222,,,,,,,
395,91,43.79136635,-89.31983901,,,,,,,
396,48,42.34779995,-88.87176877,,,,,,,
399,81,39.8455,-74.7795,,,,,,,
401,81,37.91335878,-90.55371234,,,,,,,
402,81,39.9406,-74.8459,,,,,,,
404,81,32.7649,-97.4093,,,,,,,
405,81,42.3466,-71.5232,,,,,,,
408,81,26.6381,-99.0956,,,,,,,
410,5,36.3029,-81.5094,,,,,,,
411,18,43.13801983,-93.37936977,,,,,,,
413,32,29.9621,-101.1479,,,,,,,
414,91,40.0234,-75.068,,,,,,,
415,81,29.9621,-101.1479,,,,,,,
418,237,33.1621,-96.9899,,,,,,,
419,81,41.6172,-111.8565,,,,,,,
422,81,38.8448158,-94.84189749,,,,,,,
424,81,37.70078536,-77.94555019,,,,,,,
425,81,39.8423,-75.3588,,,,,,,
426,85,40.4815,-80.0515,,,,,,,
429,81,38.98221007,-94.81012119,,,,,,,
430,81,39.05188189,-77.40615204,,,,,,,
432,127,37.7293,-81.7912,,,,,,,
433,60,37.6606,-81.8543,,,,,,,
436,81,36.8386,-100.5139,,,,,,,
438,81,27.8661,-82.3265,,,,,,,
440,127,44.6453,-73.3023,,,,,,,
441,32,37.91335342,-90.55444284,,,,,,,
442,26,38.8595,-77.0239,,,,,,,
443,81,36.4917181,-87.83974935,,,,,,,
451,70,36.992,-120.0691,,,,,,,
453,81,38.84401273,-94.84275846,,,,,,,
454,48,38.8440023,-94.8411974,,,,,,,
455,70,38.84422174,-94.84243131,,,,,,,
456,48,38.84409825,-94.84256725,,,,,,,
457,107,40.5369,-79.9625,,,,,,,
458,81,33.7117,-118.0626,,,,,,,
459,209,38.6595412,-94.91029726,,,,,,,
460,81,34.1016,-118.3325,,,,,,,
461,32,34.1016,-118.3325,,,,,,,
466,48,31.9938,-98.4594,,,,,,,
467,81,34.89344643,-81.87704947,,,,,,,
469,81,44.0464,-123.0564,,,,,,,
478,81,42.0058232,-83.3201386,,,,,,,
482,81,42.3441,-71.852,,,,,,,
487,81,43.1108,-90.0091,,,,,,,
488,91,43.1107,-90.0094,,,,,,,
491,48,40.0462,-75.0345,,,,,,,
492,81,44.8476,-93.8026,,,,,,,
493,81,31.0144,-83.1374,,,,,,,
495,152,47.11589482,-94.28335499,,,,,,,
496,91,43.7621,-74.8419,,,,,,,
497,81,40.8596,-75.6203,,,,,,,
498,81,31.0802,-83.1732,,,,,,,
500,81,43.1108,-90.009,,,,,,,
502,81,47.19865961,-122.1675528,,,,,,,
504,81,31.0144,-83.1374,,,,,,,
506,81,36.53031796,-87.86849593,,,,,,,
507,81,39.15816799,-75.52436919,,,,,,,
508,81,44.8785,-93.7075,,,,,,,
509,81,30.293,-85.8587,,,,,,,
510,127,41.9832,-77.1731,,,,,,,
511,81,41.9835,-77.1725,,,,,,,
514,42,21.9436,-159.4939,,,,,,,
518,81,40.7579,-111.8918,,,,,,,
519,127,41.8404,-86.3607,,,,,,,
521,81,44.6453,-73.3023,,,,,,,
522,209,41.45026,-90.55569833,,,,,,,
523,32,38.4089,-90.5701,,,,,,,
525,81,45.2465,-93.6642,,,,,,,
526,81,42.4928,-92.343,,,,,,,
527,5,42.20789949,-72.25136145,,,,,,,
529,81,43.205,-89.3458,,,,,,,
530,81,40.1259,-80.8087,,,,,,,
532,152,47.15048057,-94.34044978,,,,,,,
533,81,31.42438927,-110.4527672,,,,,,,
538,81,31.42438927,-110.4527672,,,,,,,
539,81,30.8387,-93.7452,,,,,,,
540,81,47.19717063,-122.1431698,,,,,,,
541,81,47.508,-122.9174,,,,,,,
542,81,41.1464,-87.2692,,,,,,,
544,221,47.3829,-122.826,,,,,,,
545,32,35.939,-86.8645,,,,,,,
546,105,35.9388,-86.8653,,,,,,,
548,81,46.71580984,-122.9738961,,,,,,,
549,48,37.0864,-79.5566,,,,,,,
550,81,41.85731647,-71.80062563,,,,,,,
552,81,31.3395,-95.3136,,,,,,,
557,107,37.7897,-82.3509,,,,,,,
558,3,42.9047,-91.1031,,,,,,,
559,48,42.9047,-91.1031,,,,,,,
561,91,48.23973071,-101.2879509,,,,,,,
562,81,41.9837,-77.1729,,,,,,,
563,81,31.2556,-90.5065,,,,,,,
564,70,43.1769,-77.5239,,,,,,,
565,81,43.1766,-77.5246,,,,,,,
566,81,41.8305,-73.1139,,,,,,,
569,81,38.9090144,-78.6625559,,,,,,,
570,54,29.0733759,-82.208628,,,,,,,
571,18,39.6565,-74.1693,,,,,,,
572,81,42.7639,-76.2699,,,,,,,
573,253,44.1491,-93.9802,,,,,,,
574,91,42.4928,-92.343,,,,,,,
575,81,30.2247,-85.6971,,,,,,,
576,81,30.2335,-85.6907,,,,,,,
577,26,40.1628,-82.4518,,,,,,,
578,52,40.1628,-82.4518,,,,,,,
579,91,43.1109,-90.0093,,,,,,,
581,127,43.80673699,-75.4746261,,,,,,,
582,32,39.3097,-76.4356,,,,,,,
583,52,30.6303,-95.0105,,,,,,,
584,85,30.6285,-95.0156,,,,,,,
585,27,18.4787,-66.0556,,,,,,,
587,127,42.09560036,-76.27075074,,,,,,,
588,48,40.3445,-111.9092,,,,,,,
589,26,35.84508949,-83.41737978,,,,,,,
590,253,36.2179,-76.1196,,,,,,,
592,81,32.351,-98.0214,,,,,,,
593,81,35.3469,-84.2876,,,,,,,
595,270,26.22942345,-80.2987301,,,,,,,
596,81,27.5875,-82.4251,,,,,,,
598,81,33.2286,-87.502,,,,,,,
599,81,33.2226,-87.5208,,,,,,,
601,81,30.2524,-89.8804,,,,,,,
603,81,44.59146495,-123.0583685,,,,,,,
605,81,32.9393,-116.9081,,,,,,,
609,81,40.20469979,-76.31418853,,,,,,,
610,81,35.17474297,-89.85276174,,,,,,,
611,81,40.8985,-88.6519,,,,,,,
612,81,40.8985,-88.6519,,,,,,,
613,81,41.3132,-73.8493,,,,,,,
614,152,41.2735,-96.1909,,,,,,,
615,81,34.1227,-118.3316,,,,,,,
616,52,39.0309,-74.9106,,,,,,,
617,52,39.0193,-74.919,,,,,,,
618,19,39.1121,-74.8993,,,,,,,
619,81,28.6605,-81.4764,,,,,,,
621,127,47.6999,-122.213,,,,,,,
622,35,35.6989,-78.1399,,,,,,,
625,127,42.0786,-76.0556,,,,,,,
626,47,42.1031,-76.1796,,,,,,,
627,166,39.313,-76.4332,,,,,,,
636,81,38.7045,-90.0907,,,,,,,
639,91,45.0119747,-74.93694651,,,,,,,
641,81,41.8039,-86.0487,,,,,,,
644,81,33.406,-87.0299,,,,,,,
648,81,38.909,-78.6588,,,,,,,
650,32,38.8321,-78.5464,,,,,,,
652,81,36.4917181,-87.83974935,,,,,,,
655,107,40.9187,-111.5813,,,,,,,
656,89,41.09439848,-80.96977068,,,,,,,
659,81,40.95491514,-80.65616015,,,,,,,
660,67,36.89158399,-89.53397294,,,,,,,
661,4,38.63485073,-121.2198013,,,,,,,
663,48,42.9046,-91.103,,,,,,,
664,81,39.75271948,-86.4179842,,,,,,,
667,48,43.2584,-77.6022,,,,,,,
668,81,40.1603,-92.6197,,,,,,,
669,81,37.8696,-88.0575,,,,,,,
670,48,43.2584,-77.6022,,,,,,,
671,107,47.6832,-95.3981,,,,,,,
672,52,37.4119,-95.3425,,,,,,,
678,127,37.3398,-82.3963,,,,,,,
685,81,36.53322894,-79.74872404,,,,,,,
686,5,39.6526,-105.189,,,,,,,
687,81,33.3808,-112.2882,,,,,,,
688,81,33.3811,-112.288,,,,,,,
689,91,46.72500186,-100.0162323,,,,,,,
691,81,41.314,-73.8486,,,,,,,
692,48,34.3067,-83.876,,,,,,,
693,38,47.89410328,-122.2077818,,,,,,,
695,81,38.5548,-82.7748,,,,,,,
697,52,43.8104,-122.4104,,,,,,,
698,81,41.31,-75.9836,,,,,,,
700,107,43.8035,-122.4089,,,,,,,
701,81,43.88751832,-84.74779922,,,,,,,
702,52,33.1487,-107.1847,,,,,,,
704,91,43.01297511,-87.98523592,,,,,,,
705,91,43.1109,-90.0093,,,,,,,
707,81,36.26117656,-90.76260898,,,,,,,
708,105,44.3810711,-69.2703289,,,,,,,
709,47,43.0082,-88.2291,,,,,,,
711,81,44.36757413,-69.10618644,,,,,,,
716,81,44.0152,-70.7899,,,,,,,
718,127,41.9331,-77.4972,,,,,,,
719,127,42.75977035,-84.76110346,,,,,,,
721,81,28.328,-81.4777,,,,,,,
722,26,35.0812,-81.6782,,,,,,,
724,81,39.7806,-75.0544,,,,,,,
725,47,39.7805,-75.0547,,,,,,,
726,81,40.4504,-82.767,,,,,,,
729,209,32.3737,-97.6878,,,,,,,
730,135,38.27449351,-104.7856763,,,,,,,
731,127,39.4147,-84.4255,,,,,,,
732,127,37.5046,-82.5357,,,,,,,
733,32,47.1121,-122.6075,2,,,,,,
735,18,35.9524,-79.7514,,,,,,,
736,81,43.0122,-72.3158,,,,,,,
737,81,42.2565,-72.5162,,,,,,,
738,81,39.88488575,-76.30874212,,,,,,,
739,81,47.19124075,-122.1648105,,,,,,,
740,60,34.4932,-83.4928,,,,,,,
741,81,29.30545917,-98.19330171,,,,,,,
743,81,30.5427,-97.5467,,,,,,,
748,81,30.7796,-81.653,,,,,,,
749,81,39.7285,-121.8375,,,,,,,
754,81,34.174,-85.7163,,,,,,,
756,127,42.7983,-89.9704,,,,,,,
758,52,42.7983,-89.9704,,,,,,,
759,52,42.7983,-89.9704,,,,,,,
760,17,42.7983,-89.9704,,,,,,,
761,66,36.4862,-82.1948,,,,,,,
762,107,36.4866,-82.1948,,,,,,,
763,81,41.67833586,-71.55029934,,,,,,,
766,63,38.66373753,-94.91149399,,,,,,,
767,81,39.23399325,-94.39505553,,,,,,,
769,48,32.49465095,-106.9220366,,,,,,,
770,52,33.2641,-111.849,,,,,,,
772,81,33.14960523,-107.1832371,,,,,,,
780,218,43.5693,-76.1702,,,,,,,
782,81,36.4321,-88.1052,,,,,,,
783,135,34.1845,-85.67,,,,,,,
786,107,41.9392,-78.6761,,,,,,,
787,42,26.1402,-80.4151,,,,,,,
790,81,30.7799,-81.6529,,,,,,,
793,81,41.38340953,-76.0246483,,,,,,,
794,81,33.0096,-80.2281,,,,,,,
795,32,39.8466,-74.2125,,,,,,,
796,81,39.12971701,-96.44055613,,,,,,,
798,81,34.0121,-84.8398,,,,,,,
800,81,31.0845,-97.6552,,,,,,,
801,81,35.36317353,-119.0725263,,,,,,,
805,48,42.5948,-100.9327,,,,,,,
806,81,39.0149776,-89.7909473,,,,,,,
807,209,33.1313,-80.107,,,,,,,
808,81,28.9390513,-81.17948454,,,,,,,
809,32,39.3195377,-110.9673559,,,,,,,
810,81,42.90478752,-76.86273943,,,,,,,
812,81,42.9444,-83.1276,,,,,,,
813,81,41.3141,-73.8494,,,,,,,
814,47,41.36761115,-75.3197281,,,,,,,
816,81,41.36786165,-75.31980277,,,,,,,
819,32,43.27256689,-76.2071476,,,,,,,
820,222,39.0716,-108.5456,,,,,,,
822,91,41.0972,-88.2506,,,,,,,
823,81,37.6457,-97.394,,,,,,,
825,107,41.7532,-111.6496,,,,,,,
826,81,36.4757,-82.2554,,,,,,,
827,81,42.7534,-84.7464,,,,,,,
828,81,30.90689805,-97.22997113,,,,,,,
829,152,41.1559,-81.0969,,,,,,,
830,81,31.413,-83.329,,,,,,,
831,91,44.91716069,-89.61133623,,,,,,,
833,81,31.413,-83.329,,,,,,,
834,48,31.413,-83.329,,,,,,,
835,32,35.2239,-82.4175,,,,,,,
838,81,38.069,-79.1023,,,,,,,
840,81,42.244,-71.9923,,,,,,,
841,81,45.29925057,-90.31367564,,,,,,,
843,81,39.1506,-81.6357,,,,,,,
844,52,41.3436,-88.8406,,,,,,,
846,81,34.00657069,-81.00893821,,,,,,,
848,114,47.176,-122.5356,,,,,,,
849,114,47.1757,-122.5358,,,,,,,
851,107,42.8751,-72.8187,,,,,,,
852,81,48.16538771,-114.1895191,,,,,,,
860,81,40.6903,-74.3749,,,,,,,
861,81,32.746,-96.9978,,,,,,,
862,81,29.1019,-98.1278,,,,,,,
863,26,39.3742,-76.3392,,,,,,,
864,218,43.5756,-76.2038,,,,,,,
865,81,42.3826,-76.1597,,,,,,,
868,81,36.8859,-94.3725,,,,,,,
870,127,42.8963,-72.1491,,,,,,,
871,107,36.48520793,-82.19998841,,,,,,,
879,81,44.97952544,-93.0477953,,,,,,,
880,81,47.19522466,-122.1310125,,,,,,,
881,26,37.3121,-77.1373,,,,,,,
882,81,38.5968,-76.882,,,,,,,
884,19,10,-25,,,,,,,
886,81,36.8796,-87.7344,,,,,,,
888,107,36.5218,-82.1141,,,,,,,
889,81,35.46731959,-97.26867811,,,,,,,
890,78,27.3019,-82.5474,,,,,,,
891,81,29.1323,-97.7774,,,,,,,
893,81,44.2363,-117.0585,,,,,,,
894,81,40.95061993,-80.07257909,,,,,,,
895,81,40.4499,-82.7641,,,,,,,
897,81,44.7191,-117.0596,,,,,,,
899,156,40.2888,-82.9566,,,,,,,
900,81,43.5472,-116.6748,,,,,,,
901,81,37.4803,-78.2374,,,,,,,
902,81,29.5214,-98.3303,,,,,,,
908,81,40.9779,-87.512,,,,,,,
909,81,40.9782,-87.5021,,,,,,,
911,44,26.13631629,-97.17371805,,,,,,,
914,81,37.4807,-78.2373,,,,,,,
918,81,42.134,-77.3211,,,,,,,
919,81,38.0445,-79.0391,,,,,,,
920,107,35.5098,-82.4049,,,,,,,
925,48,35.4453,-93.5097,,,,,,,
930,81,36.8888,-76.1655,,,,,,,
933,81,43.1025,-90.0697,,,,,,,
934,270,29.58512466,-95.24188948,,,,,,,
935,91,43.1106,-90.0093,,,,,,,
936,81,41.8188,-87.8137,,,,,,,
938,81,30.74887081,-84.93949805,,,,,,,
939,81,41.8188,-87.8138,,,,,,,
940,3,36.8888,-76.1655,,,,,,,
941,81,36.8888,-76.1655,,,,,,,
943,192,36.8888,-76.1655,,,,,,,
944,81,44.08644523,-123.1485791,,,,,,,
945,81,37.04592081,-88.53952464,,,,,,,
947,127,29.8887,-98.338,,,,,,,
950,81,42.538,-90.6911,,,,,,,
951,81,41.3142,-73.8491,,,,,,,
952,113,37.3546,-81.8018,,,,,,,
953,81,40.3345,-79.4083,,,,,,,
954,81,32.2885,-97.417,,,,,,,
955,81,44.2834,-75.6454,,,,,,,
956,81,36.6847,-121.6486,,,,,,,
957,60,40.2334,-79.3931,,,,,,,
958,127,44.5293,-75.5749,,,,,,,
960,81,28.2397,-82.3279,,,,,,,
961,81,41.504,-93.679,,,,,,,
964,91,42.4336,-84.0234,,,,,,,
966,152,41.8061,-83.424,,,,,,,
968,81,34.4045,-89.1769,,,,,,,
970,81,30.1022771,-97.3640109,,,,,,,
971,209,40.8154,-123.6969,,,,,,,
976,81,34.1721,-84.2248,,,,,,,
977,152,47.13373658,-119.2788621,,,,,,,
979,18,43.59218427,-97.17012105,,,,,,,
980,26,31.0996,-98.5117,,,,,,,
984,87,24.5596,-81.7792,,,,,,,
985,81,42.1882,-85.5669,,,,,,,
986,81,35.79485,-99.33627084,,,,,,,
987,48,29.4958,-95.0169,,,,,,,
988,81,30.5303,-84.2065,,,,,,,
993,81,32.4653,-86.0764,,,,,,,
996,81,30.5315,-84.1937,,,,,,,
997,34,24.5853,-81.6928,,,,,,,
998,81,NULL,NULL,,,,,,,
999,81,31.1685,-97.4457,,,,,,,
1000,60,41.5281,-90.4454,,,,,,,
1002,81,33.22780805,-96.72078368,,,,,,,
1003,135,34.12209672,-84.61540105,,,,,,,
1004,19,32.4566,-80.6934,,,,,,,
1005,81,34.10955489,-84.46996885,,,,,,,
1007,127,36.3175256,-81.95363654,,,,,,,
1008,32,39.8386,-74.2096,,,,,,,
1009,32,40.2967,-74.0034,,,,,,,
1010,108,32.3788,-80.7175,,,,,,,
1013,152,47.3417,-100.6695,,,,,,,
1015,47,44.00783764,-76.04436555,,,,,,,
1017,157,40.1753,-111.6775,,,,,,,
1019,152,47.876,-119.1954,,,,,,,
1021,105,47.1136,-122.611,,,,,,,
1023,81,41.8056,-86.048,,,,,,,
1024,274,48.6484,-94.2242,,,,,,,
1025,81,28.0269,-80.5823,,,,,,,
1026,81,44.1904,-88.472,,,,,,,
1029,81,39.6267,-82.8882,,,,,,,
1031,253,35.9767,-86.6785,,,,,,,
1033,81,29.3927,-98.6498,,,,,,,
1034,18,31.1732,-97.4576,,,,,,,
1035,81,31.164,-97.4258,,,,,,,
1036,107,42.9637,-72.137,,,,,,,
1042,32,36.0258,-86.0426,,,,,,,
1043,81,36.0258,-86.0426,,,,,,,
1044,81,39.9126,-82.7574,,,,,,,
1045,48,41.1433,-81.1331,,,,,,,
1046,18,40.729965,-82.7713541,,,,,,,
1047,209,39.53774002,-105.097144,,,,,,,
1048,107,40.5305,-79.9769,,,,,,,
1049,81,38.2671,-76.4238,,,,,,,
1052,48,43.55,-96.7003,,,,,,,
1055,81,38.5492,-122.8128,,,,,,,
1056,127,47.19661264,-122.1383872,,,,,,,
1057,32,32.28264351,-106.7425744,,,,,,,
1058,81,35.9787,-86.6789,,,,,,,
1059,70,38.87615171,-94.87284089,,,,,,,
1060,81,43.1065,-86.1861,,,,,,,
1061,129,27.3008,-82.5417,,,,,,,
1062,22,38.335,-75.0844,,,,,,,
1063,81,28.3346,-97.7556,,,,,,,
1066,81,34.0742,-118.2027,,,,,,,
1068,152,44.4524,-88.064,,,,,,,
1069,81,45.0683,-92.6495,,,,,,,
1070,127,44.0329,-88.5148,,,,,,,
1071,81,44.0793,-88.5357,,,,,,,
1074,81,33.9632,-118.4222,,,,,,,
1075,152,35.6484,-101.6298,,,,,,,
1079,139,42.4611,-70.9268,,,,,,,
1080,32,39.8347,-74.2021,,,,,,,
1081,10,37.24764,-76.38245,,,,,,,
1082,81,42.6091,-71.712,,,,,,,
1083,81,32.7044,-80.8264,,,,,,,
1084,52,39.6072,-77.2864,,,,,,,
1087,18,43.1107,-90.0093,,,,,,,
1088,135,37.63116863,-120.9865899,,,,,,,
1089,48,42.5698,-79.1107,,,,,,,
1094,81,39.8366,-74.1969,,,,,,,
1096,209,40.5249,-80.6288,,,,,,,
1097,81,43.0256,-76.1683,,,,,,,
1102,91,44.57566985,-92.54007952,,,,,,,
1103,32,37.1397,-81.4985,,,,,,,
1106,81,42.8781,-85.8934,,,,,,,
1108,135,34.16426,-84.72771,,,,,,,
1109,81,42.8782,-85.8927,,,,,,,
1111,81,31.1829,-90.523,,,,,,,
1113,81,40.4499,-82.7668,,,,,,,
1115,81,37.0299,-84.6852,,,,,,,
1117,81,40.763,-98.592,,,,,,,
1121,89,41.1592,-80.703,,,,,,,
1123,60,29.3791,-94.8722,,,,,,,
1125,128,43.00704492,-89.30691063,,,,,,,
1126,81,47.9099,-120.1712,,,,,,,
1130,105,47.68150247,-122.3394176,,,,,,,
1132,18,39.4076,-88.2345,,,,,,,
1134,156,40.4104,-111.8931,,,,,,,
1135,26,29.58504208,-95.24199338,,,,,,,
1136,60,40.3081,-79.3903,,,,,,,
1138,1,30.2507,-97.7129,,,,,,,
1145,127,40.5248,-80.6279,,,,,,,
1146,52,43.0077,-88.2339,,,,,,,
1148,127,40.5247,-80.6281,,,,,,,
1150,85,40.5287,-80.6228,,,,,,,
1151,127,40.4878,-82.5397,,,,,,,
1152,81,28.6614,-81.8539,,,,,,,
1155,81,32.593,-85.3598,,,,,,,
1157,81,41.313,-73.8479,,,,,,,
1158,81,44.6808,-123.9297,,,,,,,
1160,81,39.38711,-94.5816,,,,,,,
1165,81,39.417,-94.5719,,,,,,,
1167,107,39.42382729,-80.85398526,,,,,,,
1168,81,38.28756,-91.72098,,,,,,,
1170,81,43.76547913,-85.37664514,,,,,,,
1171,81,36.8847,-94.3712,,,,,,,
1172,91,42.4451,-85.0181,,,,,,,
1174,81,38.6342,-78.6676,,,,,,,
1175,91,43.1111,-90.0005,,,,,,,
1176,62,40.44023466,-74.06053493,,,,,,,
1177,81,32.5300535,-97.3360332,,,,,,,
1178,81,30.0531,-95.5221,,,,,,,
1179,166,40.4868,-78.2813,,,,,,,
1180,81,32.728,-85.86,,,,,,,
1183,81,33.0218,-102.8434,,,,,,,
1184,48,41.9763,-91.6738,,,,,,,
1185,32,41.9028,-91.9197,,,,,,,
1186,108,27.6455,-97.2797,,,,,,,
1187,44,26.10548554,-97.17100677,,,,,,,
1188,18,43.3294,-91.7865,,,,,,,
1190,52,40.2585,-80.0475,,,,,,,
1192,60,36.4143,-79.87782,,,,,,,
1194,81,28.48206,-81.78937,,,,,,,
1197,48,30.563,-84.2335,,,,,,,
1198,81,36.4913,-80.022,,,,,,,
1202,81,41.8213,-75.8008,,,,,,,
1208,48,41.29732227,-94.07157953,,,,,,,
1209,48,41.29732444,-94.07170194,,,,,,,
1211,17,42.0996,-84.2244,,,,,,,
1214,35,44.1851,-73.3101,,,,,,,
1218,60,41.9777,-102.30542,,,,,,,
1219,81,32.5797,-90.1299,,,,,,,
1220,81,38.3368,-85.676,,,,,,,
1222,81,39.8847,-75.0826,,,,,,,
1227,81,44.52859422,-87.9773879,,,,,,,
1228,81,40.5606,-111.9391,,,,,,,
1232,81,42.0128,-87.8968,,,,,,,
1233,81,30.0447,-90.2796,,,,,,,
1235,166,41.3496,-73.6647,,,,,,,
1237,81,41.3495,-73.6649,,,,,,,
1238,48,41.9576461,-91.7241251,,,,,,,
1240,17,40.1462,-111.7977,,,,,,,
1241,60,40.4814,-80.0506,,,,,,,
1244,81,43.5496,-116.6684,,,,,,,
1245,81,42.753,-84.402,,,,,,,
1247,152,43.1184,-72.4304,,,,,,,
1251,107,47.56496761,-122.705741,,,,,,,
1256,127,44.6459,-73.3009,,,,,,,
1257,81,39.4914,-84.29,,,,,,,
1259,81,37.3374,-87.2202,,,,,,,
1260,81,31.1633,-87.0555,,,,,,,
1263,81,38.5464,-91.0232,,,,,,,
1265,81,43.1109,-90.009,,,,,,,
1272,81,33.08808339,-96.64337589,,,,,,,
1273,139,31.021,-97.5293,,,,,,,
1274,152,45.4082,-96.0905,,,,,,,
1276,60,39.60497559,-80.9427044,,,,,,,
1278,91,44.9526,-92.9799,,,,,,,
1279,81,35.99694328,-84.19129794,,,,,,,
1282,81,39.9928,-87.3047,,,,,,,
1286,48,29.822,-90.4807,,,,,,,
1296,209,42.8782,-85.8928,,,,,,,
1297,81,43.0663,-76.7613,,,,,,,
1299,81,43.21303275,-85.66213123,,,,,,,
1300,81,28.8449,-81.8563,,,,,,,
1304,156,40.4502,-82.7668,,,,,,,
1307,48,61.8161,-148.6453,,,,,,,
1308,81,36.13958,-80.29811,,,,,,,
1309,81,39.5475,-75.4045,,,,,,,
1311,32,39.8505,-74.1773,,,,,,,
1312,3,43.9516,-76.1157,,,,,,,
1313,127,40.6466897,-83.6146175,,,,,,,
1315,81,34.1733,-84.7341,,,,,,,
1317,81,37.76949,-90.62425,,,,,,,
1318,81,35.6894,-82.5703,,,,,,,
1319,107,34.1354,-94.6822,,,,,,,
1320,139,41.7745,-70.5491,,,,,,,
1321,81,38.2221,-98.2099,,,,,,,
1325,81,34.4789,-84.8941,,,,,,,
1326,139,36.9788,-120.0636,,,,,,,
1327,267,35.6934,-82.5725,,,,,,,
1328,127,41.40644,-81.88708,,,,,,,
1329,81,35.4352,-97.7013,,,,,,,
1333,127,42.09500954,-83.19036539,,,,,,,
1335,70,34.387,-117.2486,,,,,,,
1337,67,40.405,-80.5113,,,,,,,
1338,81,30.0636,-97.8001,,,,,,,
1340,81,30.0633,-97.8001,,,,,,,
1342,81,30.0619,-97.802,,,,,,,
1343,108,26.5478,-97.4354,,,,,,,
1346,81,32.2772,-92.7449,,,,,,,
1347,81,38.5793,-121.4909,,,,,,,
1348,48,61.8161,-148.6453,,,,,,,
1351,66,40.8368,-75.5122,,,,,,,
1353,246,38.6405,-77.2508,,,,,,,
1354,81,38.6543,-77.2261,,,,,,,
1355,81,39.6079,-86.0756,,,,,,,
1357,81,43.1109,-90.01,,,,,,,
1359,81,39.6079,-86.0756,,,,,,,
1360,81,43.1105,-90.0045,,,,,,,
1363,107,43.1141,-89.9685,,,,,,,
1368,81,42.0425,-77.7643,,,,,,,
1369,253,30.8133,-81.7129,,,,,,,
1372,81,37.6676,-121.8365,,,,,,,
1373,81,35.1224,-81.5146,,,,,,,
1375,209,38.1755,-92.7835,,,,,,,
1378,32,29.58506031,-95.24231841,,,,,,,
1379,32,42.3836,-122.9072,,,,,,,
1380,81,36.6751,-79.7851,,,,,,,
1381,209,38.9962,-93.7909,,,,,,,
1384,81,48.0985,-115.1989,,,,,,,
1392,81,44.9287,-92.9017,,,,,,,
1396,81,27.292,-82.3899,,,,,,,
1400,209,39.91578684,-80.7665396,,,,,,,
1401,32,42.3042,-122.8484,,,,,,,
1402,209,39.00430014,-93.9600447,,,,,,,
1404,81,34.1722,-84.2246,,,,,,,
1408,81,40.25779544,-80.04576143,,,,,,,
1410,192,47.55924855,-117.6549557,,,,,,,
1412,81,39.7348,-85.2001,,,,,,,
1413,81,34.9483,-81.9349,,,,,,,
1415,81,40.02329293,-80.7946914,,,,,,,
1416,139,40.01998366,-80.73794914,,,,,,,
1417,81,38.6766,-78.5181,,,,,,,
1418,32,34.1649,-84.1323,,,,,,,
1420,81,36.6811,-79.8741,,,,,,,
1421,127,40.83781904,-84.57431852,,,,,,,
1424,81,35.1224,-81.5146,,,,,,,
1427,136,31.19744817,-93.5699623,,,,,,,
1435,81,38.6997,-85.8581,,,,,,,
1436,81,35.1182,-80.7203,,,,,,,
1439,81,41.3176,-73.8497,,,,,,,
1440,81,32.5817,-97.0261,,,,,,,
1441,85,40.4804,-80.0514,,,,,,,
1442,1,31.90524151,-93.24213818,,,,,,,
1443,81,35.0480001,-91.993104,,,,,,,
1444,81,44.7961,-68.7647,,,,,,,
1445,127,41.8829,-84.0989,,,,,,,
1446,52,31.43768522,-93.61311518,,,,,,,
1448,35,31.38047823,-93.61822815,,,,,,,
1449,81,33.73521,-95.92563,,,,,,,
1451,81,44.9197,-68.7984,,,,,,,
1455,47,41.4435,-73.9233,,,,,,,
1457,157,37.09559518,-76.40292056,,,,,,,
1459,166,42.8782,-85.8928,,,,,,,
1461,81,27.3072,-98.6784,,,,,,,
1463,127,36.4846,-82.8312,,,,,,,
1466,81,27.3013,-82.4585,,,,,,,
1468,81,26.7231,-80.7968,,,,,,,
1471,81,32.4631,-90.11899,,,,,,,
1473,81,34.62110082,-79.92137548,,,,,,,
1474,48,37.0807,-79.0962,,,,,,,
1475,127,45.0234,-85.7599,,,,,,,
1477,48,37.0807,-79.0962,,,,,,,
1478,81,46.7841,-114.0929,,,,,,,
1479,197,49.6335,-82.7165,,,,,,,
1480,18,41.01932004,-98.89150326,,,,,,,
1484,81,43.3927,-89.6145,,,,,,,
1485,91,42.8023,-86.1345,,,,,,,
1487,81,37.687,-97.3356,,,,,,,
1488,166,43.9497,-76.1225,,,,,,,
1490,81,31.2899,-87.0734,,,,,,,
1493,81,46.8937,-119.2411,,,,,,,
1494,47,37.4482,-76.5336,,,,,,,
1495,81,38.0599,-121.5004,,,,,,,
1497,81,38.7797,-92.2648,,,,,,,
1499,152,42.8766,-90.2031,,,,,,,
1500,139,36.7641,-119.7636,,,,,,,
1502,127,42.0371,-123.1336,,,,,,,
1503,127,42.0371,-123.1336,,,,,,,
1506,139,37.6353,-122.4911,,,,,,,
1507,129,26.4898,-82.0118,,,,,,,
1508,81,43.1945,-83.6851,,,,,,,
1511,81,39.5657,-119.5054,,,,,,,
1513,209,36.0762,-86.5741,,,,,,,
1515,81,41.516,-87.0575,,,,,,,
1519,25,30.3330106,-89.20362117,,,,,,,
1521,81,38.2086,-85.5035,,,,,,,
1523,81,44.6459,-73.3009,,,,,,,
1524,91,44.3174,-72.0319,,,,,,,
1525,81,37.6119,-80.9136,,,,,,,
1526,81,37.4686,-80.8765,,,,,,,
1528,127,37.3153,-80.6432,,,,,,,
1529,35,32.7042,-80.8267,,,,,,,
1530,81,37.9189,-78.3216,,,,,,,
1531,127,43.99007373,-85.80163638,,,,,,,
1533,60,39.67986711,-80.8481545,,,,,,,
1535,81,43.06237541,-77.0180081,,,,,,,
1537,81,37.6163,-80.9122,,,,,,,
1538,81,42.80427623,-96.13794971,,,,,,,
1542,81,28.7762,-81.3077,,,,,,,
1545,68,29.1261,-81.0206,,,,,,,
1546,81,40.9392,-80.0973,,,,,,,
1549,81,40.4501,-82.7667,,,,,,,
1552,81,41.1198,-78.7597,,,,,,,
1554,127,42.3961,-71.6038,,,,,,,
1555,81,40.954,-78.5263,,,,,,,
1558,89,45.6466,-90.7938,,,,,,,
1561,18,34.3508,-84.8513,,,,,,,
1562,81,46.7395,-93.9159,,,,,,,
1563,139,41.3669,-85.054,,,,,,,
1566,81,43.06237541,-77.0180081,,,,,,,
1568,81,40.90828066,-89.48595344,,,,,,,
1570,127,42.6338,-75.0325,,,,,,,
1571,127,45.6256,-122.0159,,,,,,,
1572,215,29.1515,-80.9192,,,,,,,
1574,91,43.1108,-90.0097,,,,,,,
1576,91,41.69084089,-85.97024139,,,,,,,
1577,81,32.688975,-97.21790472,,,,,,,
1579,52,31.44837884,-93.60643363,,,,,,,
1581,32,43.0133,-90.106,,,,,,,
1584,128,31.44833257,-93.60647478,,,,,,,
1585,81,41.74,-88.2954,,,,,,,
1588,114,42.6338,-75.0325,,,,,,,
1589,135,34.5234,-88.3228,,,,,,,
1591,78,26.1124,-97.1652,,,,,,,
1592,127,40.8975,-75.5088,,,,,,,
1593,81,42.9312,-85.2119,,,,,,,
1594,81,36.3587,-94.0556,,,,,,,
1596,48,43.0578,-86.1774,,,,,,,
1597,81,30.8818,-94.1966,,,,,,,
1602,139,25.9491,-80.1734,,,,,,,
1605,127,40.2109,-75.3674,,,,,,,
1609,128,28.4924,-98.2223,,,,,,,
1616,32,39.6079,-86.0756,,,,,,,
1618,99,38.251,-93.3757,,,,,,,
1622,19,28.1319,-96.9735,,,,,,,
1625,48,36.2507,-84.1711,,,,,,,
1626,81,39.25978,-84.49522,,,,,,,
1628,81,32.1264,-95.4945,,,,,,,
1629,81,36.28772556,-82.00543495,,,,,,,
1630,63,40.73486831,-80.31642009,,,,,,,
1632,81,34.808,-92.2916,,,,,,,
1634,81,40.49397366,-83.88047035,,,,,,,
1637,81,39.0789,-93.7275,,,,,,,
1638,48,39.2592,-76.521,,,,,,,
1639,89,42.49650779,-82.88318094,,,,,,,
1640,81,30.6417734,-81.54359401,,,,,,,
1643,112,30.64175909,-81.54359639,,,,,,,
1644,52,42.5971,-71.2897,,,,,,,
1645,166,40.7283596,-82.7693704,,,,,,,
1646,48,42.1103,-102.8724,,,,,,,
1648,127,40.105,-83.1331,,,,,,,
1650,127,43.1068,-90.0077,,,,,,,
1652,81,45.45148,-94.52147,,,,,,,
1653,81,31.37992,-93.40361481,,,,,,,
1655,81,31.3572,-84.9363,,,,,,,
1658,81,41.6856,-74.9918,,,,,,,
1661,266,40.7886,-72.6683,,,,,,,
1662,18,43.1299,-71.4452,,,,,,,
1663,81,34.0172417,-83.7947525,,,,,,,
1664,152,62.1131,-150.0571,,,,,,,
1665,81,44.8086,-95.5735,,,,,,,
1667,81,44.3723,-93.6499,,,,,,,
1669,91,43.06237541,-77.0180081,,,,,,,
1671,32,42.98611894,-88.19786488,,,,,,,
1673,81,35.1224,-81.5146,,,,,,,
1675,253,42.98616512,-88.19787052,,,,,,,
1676,81,33.8703,-112.2767,,,,,,,
1686,127,37.6216,-82.1627,,,,,,,
1688,114,43.06237541,-77.0180081,,,,,,,
1690,107,44.09662,-108.97736,,,,,,,
1693,81,42.6308,-83.2403,,,,,,,
1694,81,26.87171,-99.25559,,,,,,,
1696,81,42.6646,-83.2511,,,,,,,
1698,105,42.98606616,-88.19781163,,,,,,,
1699,81,42.653,-83.3662,,,,,,,
1700,48,67.4274,-136.9105,,,,,,,
1703,166,43.9498,-76.1213,,,,,,,
1709,81,41.0312,-71.9537,,,,,,,
1711,81,40.57498353,-105.0325913,,,,,,,
1713,139,41.7402,-71.3083,,,,,,,
1717,81,35.05975939,-85.65062524,,,,,,,
1718,107,39.0901,-104.8808,,,,,,,
1719,81,35.7617,-86.902,,,,,,,
1722,81,40.83772713,-84.34359775,,,,,,,
1723,81,32.3806,-86.2247,,,,,,,
1724,81,27.275,-82.2829,,,,,,,
1726,83,27.84550174,-80.41361753,,,,,,,
1727,108,27.4488085,-80.32071235,,,,,,,
1728,81,39.705,-76.1272,,,,,,,
1729,81,27.58116368,-80.41115968,,,,,,,
1730,83,33.3831,-118.3528,,,,,,,
1731,81,42.91375802,-89.22084659,,,,,,,
1732,48,38.6369,-121.221,,,,,,,
1733,60,39.60493819,-80.94243577,,,,,,,
1735,48,38.6367,-121.2214,,,,,,,
1736,81,44.64,-89.7196,,,,,,,
1737,81,27.59816185,-80.42935836,,,,,,,
1738,156,44.8159,-73.2905,,,,,,,
1742,81,27.60461557,-80.42982142,,,,,,,
1745,129,27.47002443,-80.32954461,,,,,,,
1746,32,36.9194,-76.1459,,,,,,,
1747,129,27.46986767,-80.32945364,,,,,,,
1752,81,33.011,-96.5461,,,,,,,
1754,81,41.6782,-88.2117,,,,,,,
1755,16,39.4254562,-94.5579093,,,,,,,
1756,81,47.19138208,-122.1642819,,,,,,,
1760,81,28.0106,-82.1184,,,,,,,
1761,26,33.51909553,-80.43568526,,,,,,,
1765,269,27.56531454,-80.37876094,,,,,,,
1766,48,39.3352,-82.9686,,,,,,,
1772,81,43.06237541,-77.0180081,,,,,,,
1774,48,40.2553,-74.8455,,,,,,,
1775,85,32.705,-80.8273,,,,,,,
1778,81,36.8921,-76.1632,,,,,,,
1779,81,42.1013,-72.5893,,,,,,,
1782,152,48.9013,-95.2493,,,,,,,
1783,81,42.78203,-83.82587,,,,,,,
1784,31,39.8244,-74.0893,,,,,,,
1790,70,45.90303,-95.11712,,,,,,,
1794,32,35.0582,-88.8879,,,,,,,
1796,81,40.2936,-83.0372,,,,,,,
1797,81,39.7688,-92.4142,,,,,,,
1798,233,43.7481,-122.4654,,,,,,,
1799,127,36.4847,-82.8313,,,,,,,
1804,127,40.4385,-79.9973,,,,,,,
1805,17,40.3564,-111.8465,,,,,,,
1806,81,40.4385,-79.9973,,,,,,,
1808,81,41.1834,-89.5451,,,,,,,
1810,81,41.0687,-96.3335,,,,,,,
1811,81,26.1671,-99.53721,,,,,,,
1812,81,38.5424,-85.7683,,,,,,,
1814,260,31.8831626,-93.16961867,,,,,,,
1815,1,32.4137,-97.693,,,,,,,
1817,245,36.60497665,-121.8892511,,,,,,,
1818,81,38.2658,-85.418,,,,,,,
1819,223,27.479,-82.6534,,,,,,,
1826,81,38.5407,-85.7681,,,,,,,
1827,81,38.5407,-85.7681,,,,,,,
1829,70,44.9728,-93.8157,,,,,,,
1830,139,43.46217577,-70.3835943,,,,,,,
1831,127,43.8648,-95.1149,,,,,,,
1833,81,32.70331,-97.21409,,,,,,,
1834,81,32.68680006,-97.21696998,,,,,,,
1835,91,45.489187,-98.5131925,,,,,,,
1836,176,29.28404106,-94.87232382,,,,,,,
1839,26,38.5407,-85.7681,,,,,,,
1841,81,26.9118,-82.299,,,,,,,
1844,81,39.07932825,-94.36531623,,,,,,,
1845,267,44.5735,-93.525,,,,,,,
1846,81,47.597,-94.8121,,,,,,,
1847,111,38.83887995,-77.13850333,,,,,,,
1848,81,47.5969,-94.8021,,,,,,,
1849,127,40.105,-83.1331,,,,,,,
1851,81,34.902,-87.9879,,,,,,,
1855,18,42.3969986,-77.0755023,,,,,,,
1857,81,35.1251,-81.5184,,,,,,,
1861,81,31.38380565,-93.61009486,,,,,,,
1863,114,47.1754,-122.5355,,,,,,,
1864,114,47.1711,-122.5355,,,,,,,
1866,81,34.3747,-85.1716,,,,,,,
1869,63,31.17998506,-93.56536298,,,,,,,
1870,139,31.19703404,-93.5670446,,,,,,,
1872,32,39.6079,-86.0756,,,,,,,
1873,137,30.397,-86.1685,,,,,,,
1876,215,30.1892,-85.8317,,,,,,,
1881,81,33.0119,-80.2422,,,,,,,
1882,81,32.1855,-88.827,,,,,,,
1884,81,32.1854,-88.8271,,,,,,,
1890,32,41.6035,-71.1016,,,,,,,
1891,81,41.9028,-91.9197,,,,,,,
1892,91,44.55587038,-75.5447609,,,,,,,
1895,127,31.1165,-97.4778,,,,,,,
1896,152,47.45053188,-101.4218602,,,,,,,
1897,81,37.8431743,-85.4628748,,,,,,,
1899,152,41.10381113,-101.1028503,,,,,,,
1901,81,36.1139,-84.1868,,,,,,,
1907,81,31.4683,-88.1567,,,,,,,
1910,81,31.4895,-88.2814,,,,,,,
1911,81,43.06237541,-77.0180081,,,,,,,
1912,81,43.06237541,-77.0180081,,,,,,,
1915,135,33.4487,-84.4546,,,,,,,
1916,81,34.48894165,-83.49869056,,,,,,,
1917,81,44.3601,-87.7133,,,,,,,
1925,152,46.24256,-93.64625,,,,,,,
1927,152,46.24256,-93.64625,,,,,,,
1928,127,46.24256,-93.64625,,,,,,,
1929,81,47.1915727,-122.1646345,,,,,,,
1935,127,48.7777,-118.1313,,,,,,,
1938,81,39.8141,-75.0972,,,,,,,
1939,218,43.956,-76.1076,,,,,,,
1940,89,41.9545714,-75.7043582,,,,,,,
1941,81,41.8145,-79.8337,,,,,,,
1942,32,33.22804346,-96.68341901,,,,,,,
1943,81,40.2813,-78.7866,,,,,,,
1944,81,34.1016,-118.3325,,,,,,,
1948,81,34.3768,-88.6842,,,,,,,
1949,113,40.5583,-90.0286,,,,,,,
1950,135,40.3288,-90.0482,,,,,,,
1951,192,40.4095,-90.3214,,,,,,,
1952,81,33.7386418,-79.0215958,,,,,,,
1956,81,41.8486,-74.7353,,,,,,,
1961,32,42.4953,-76.5381,,,,,,,
1962,32,42.4955,-76.5384,,,,,,,
1963,164,31.48701368,-93.71167906,,,,,,,
1965,48,34.1513,-84.9174,,,,,,,
1969,165,43.1302,-72.4396,,,,,,,
1971,99,31.3377681,-93.4115122,,,,,,,
1972,181,31.34097357,-93.41370797,,,,,,,
1973,275,31.3410882,-93.4137883,,,,,,,
1974,32,45.1297,-85.6162,,,,,,,
1975,39,31.3282036,-93.4086747,,,,,,,
1976,127,37.3351,-80.8125,,,,,,,
1978,81,40.4501,-82.7668,,,,,,,
1982,81,41.5565,-93.4914,,,,,,,
1984,81,42.09018971,-83.19333275,,,,,,,
1987,152,44.9791,-85.2086,,,,,,,
1989,35,42.2244,-84.3509,,,,,,,
1990,127,39.0619,-77.3767,,,,,,,
1991,81,40.35299163,-74.08524569,,,,,,,
1992,127,40.54898635,-74.67146779,,,,,,,
1993,111,39.0595,-77.376,,,,,,,
1994,81,40.1168,-74.7653,,,,,,,
1995,107,38.3058,-120.8807,,,,,,,
1997,108,27.8753011,-97.07833877,,,,,,,
34931,81,43.2337,-77.5617,,,,,,,
34934,209,31.9574,-83.9174,,,,,,,
34936,81,39.61921079,-94.6480483,,,,,,,
34937,81,41.9044,-85.8943,,,,,,,
34938,81,33.4558,-86.8366,,,,,,,
34941,81,35.5109,-97.8492,,,,,,,
34943,17,45.9939,-95.9767,,,,,,,
34945,118,40.26728,-82.94435,,,,,,,
34946,52,41.13746621,-85.11017979,,,,,,,
34949,139,36.34711423,-75.9509332,,,,,,,
34952,176,32.45233023,-80.67065319,,,,,,,
34953,114,43.60382216,-77.4466117,,,,,,,
34954,91,46.28658131,-94.08493695,,,,,,,
34955,81,33.2842,-88.7802,,,,,,,
34956,91,46.28469128,-94.0686563,,,,,,,
34959,81,46.28796505,-94.06516424,,,,,,,
34961,81,36.8105,-76.7392,,,,,,,
34962,18,46.28373569,-94.07044939,,,,,,,
34964,192,46.28393524,-94.0694422,,,,,,,
34965,81,33.445,-94.073,,,,,,,
34966,18,48.14058983,-94.63207586,,,,,,,
34968,81,26.54468587,-80.13406547,,,,,,,
34971,34,26.5446081,-80.1337186,,,,,,,
34973,139,37.0144,-85.0072,,,,,,,
34974,127,35.8849,-118.648,,,,,,,
34977,81,31.6843,-96.478,,,,,,,
34980,81,40.59274497,-74.35897867,,,,,,,
34981,166,39.79508784,-76.88968263,,,,,,,
34984,81,-9.5211,84.3478,,,,,,,
34986,222,43.0823,-77.4807,,,,,,,
34987,81,37.2051132,-86.7016109,,,,,,,
34988,81,31.90546066,-85.14062516,,,,,,,
34989,107,43.3913,-98.8547,,,,,,,
34990,26,33.21086102,-80.05637886,,,,,,,
34991,81,30.7997,-88.1566,,,,,,,
34992,192,39.1987,-76.5253,,,,,,,
34993,81,29.4914,-95.5148,,,,,,,
34994,127,40.9247,-98.3399,,,,,,,
34995,81,41.2607,-95.9406,,,,,,,
34996,26,29.4952,-95.5286,,,,,,,
34997,81,41.1193,-98.5472,,,,,,,
34998,18,41.1193,-98.5472,,,,,,,
34999,18,40.52461155,-74.39998588,,,,,,,
35001,81,30.52398462,-84.35250258,,,,,,,
35007,81,36.59747138,-93.39787159,,,,,,,
35009,81,40.19562006,-74.29827004,,,,,,,
35010,81,29.4912,-95.5099,,,,,,,
35011,118,38.89859094,-96.85673559,,,,,,,
35012,81,42.0265,-86.416,,,,,,,
35013,81,36.0822856,-95.81678684,,,,,,,
35014,81,35.86638946,-95.30906798,,,,,,,
35016,81,41.9044,-85.8943,,,,,,,
35017,81,38.55781259,-76.04340539,,,,,,,
35018,108,27.6823,-97.3122,,,,,,,
35020,81,30.0134,-98.4498,,,,,,,
35021,81,30.0133,-98.4498,,,,,,,
35024,79,33.854,-117.8329,,,,,,,
35029,81,40.6682722,-89.44839343,,,,,,,
35031,300,29.27,-94.8469,,,,,,,
35033,91,42.29759,-81.88837,,,,,,,
35034,127,44.0197,-70.4721,,,,,,,
35035,48,35.90055309,-77.88296657,,,,,,,
35036,48,35.1869,-101.8762,,,,,,,
35037,91,43.2811,-84.7744,,,,,,,
35040,81,32.6086,-85.4816,,,,,,,
35041,81,43.1131,-77.5222,,,,,,,
35042,81,28.4979,-81.5955,,,,,,,
35043,81,28.4508,-81.6098,,,,,,,
35044,81,28.45,-81.6096,,,,,,,
35045,81,28.4505,-81.6094,,,,,,,
35051,209,39.8224,-83.4237,,,,,,,
35053,91,44.34303482,-89.07442204,,,,,,,
35054,139,33.8188,-96.5666,,,,,,,
35057,91,45.14110572,-90.3488191,,,,,,,
35058,81,30.1033,-95.2988,,,,,,,
35060,192,40.59297444,-74.35602329,,,,,,,
35066,81,35.9117,-79.571,,,,,,,
35067,81,32.7939,-96.9677,,,,,,,
35069,70,35.484,-86.0701,,,,,,,
35070,127,43.3413266,-89.0229209,,,,,,,
35072,62,29.29532,-94.80791,,,,,,,
35074,81,35.6207,-97.4823,,,,,,,
35075,81,26.8717,-99.2556,,,,,,,
35076,70,40.7005,-99.0835,,,,,,,
35081,81,34.9561,-89.8369,,,,,,,
35082,81,31.6444,-94.6466,,,,,,,
35083,48,31.75243292,-106.4034929,,,,,,,
35084,81,30.16754131,-81.61875277,,,,,,,
35086,283,29.29532,-94.80791,,,,,,,
35091,81,32.32836,-85.16855,,,,,,,
35092,81,38.39549,-75.15522,,,,,,,
35093,81,32.32836,-85.16855,,,,,,,
35094,81,40.0069,-91.5106,,,,,,,
35102,81,32.32836,-85.16855,,,,,,,
35103,32,35.0947,-114.1876,,,,,,,
35104,136,31.8999033,-85.1474502,,,,,,,
35108,154,36.8227,-75.9828,,,,,,,
35109,81,32.61007645,-89.22225767,,,,,,,
35110,81,30.6308,-88.2703,,,,,,,
35113,81,43.9412,-75.6863,,,,,,,
35117,91,47.8766,-95.0148,,,,,,,
35120,81,33.0489,-96.7967,,,,,,,
35121,81,33.0489,-96.7967,,,,,,,
35122,81,33.0486,-96.7984,,,,,,,
35124,81,36.1481,-81.1527,,,,,,,
35126,81,40.28743613,-88.13328028,,,,,,,
35128,81,29.4886,-95.8684,,,,,,,
35130,81,29.9512,-96.2573,,,,,,,
35131,127,43.5684,-71.2177,,,,,,,
35133,81,33.1911,-95.1916,,,,,,,
35134,81,32.7808,-97.6791,,,,,,,
35137,278,39.578,-106.0888,,,,,,,
35139,114,45.9939,-95.9767,,,,,,,
35140,81,42.7863,-89.3033,,,,,,,
35144,81,36.2436,-83.9721,,,,,,,
35150,209,39.5222,-88.3123,,,,,,,
35151,81,41.1986,-73.1335,,,,,,,
35153,81,34.975,-89.8877,,,,,,,
35162,81,39.73508818,-74.26457929,,,,,,,
35167,166,39.73530506,-74.26439025,,,,,,,
35168,18,39.73461246,-74.2648721,,,,,,,
35173,81,40.81414772,-98.37639918,,,,,,,
35174,81,33.8171,-80.7876,,,,,,,
35177,317,32.09922553,-95.43063192,,,,,,,
35178,26,44.7814,-94.4189,,,,,,,
35184,81,43.0982,-88.1859,,,,,,,
35185,209,42.0659,-123.6323,,,,,,,
35186,81,31.97439897,-81.23436103,,,,,,,
35187,81,31.97439767,-81.23434198,,,,,,,
35188,81,44.9857,-73.3416,,,,,,,
35198,81,35.86467084,-95.30937769,,,,,,,
35201,81,35.1062,-80.3984,,,,,,,
35203,81,44.7284,-93.4198,,,,,,,
35206,81,42.0738,-87.8723,,,,,,,
35207,81,41.9427,-85.6364,,,,,,,
35208,81,42.0738,-87.8723,,,,,,,
35219,26,31.887,-97.3581,,,,,,,
35220,81,32.5935,-97.1376,,,,,,,
35221,48,33.1586,-111.5497,,,,,,,
35223,81,35.4196,-80.0928,,,,,,,
35224,81,28.0652,-80.6303,,,,,,,
35226,81,31.75364196,-106.4022753,,,,,,,
35228,81,35.1991,-81.3265,,,,,,,
35229,81,36.51576376,-82.74373745,,,,,,,
35230,139,36.37330039,-83.01562355,,,,,,,
35231,81,37.8469,-86.9749,,,,,,,
35232,222,47.90593,-122.38875,,,,,,,
35233,81,29.5195,-95.368,,,,,,,
35236,81,30.837,-91.2139,,,,,,,
35237,48,31.6445,-94.6465,,,,,,,
35239,81,38.22176843,-84.54872611,,,,,,,
35240,81,34.1643,-84.7277,,,,,,,
35241,81,33.9896,-84.9622,,,,,,,
35242,81,40.3881,-105.0926,,,,,,,
35243,81,38.7722,-83.7209,,,,,,,
35246,137,29.2693,-94.8778,,,,,,,
35248,127,36.52136277,-82.68178122,,,,,,,
35251,81,34.883,-81.77,,,,,,,
35255,81,32.58093494,-89.1845822,,,,,,,
35256,81,34.8833,-81.7704,,,,,,,
35258,81,60.3301,78.107,,,,,,,
35259,166,41.4006,-85.70221,,,,,,,
35260,81,34.43888582,-78.96147845,,,,,,,
35262,152,38.7608,-77.3015,,,,,,,
35263,81,33.6227,-114.5924,,,,,,,
35264,107,43.4649,-78.7849,,,,,,,
35265,81,29.58928467,-95.54824181,,,,,,,
35266,152,39.58947169,-105.0361453,,,,,,,
35267,81,41.4059,-74.1539,,,,,,,
35268,81,39.60400977,-105.0232685,,,,,,,
35269,81,39.6162,-105.0186,,,,,,,
35270,81,39.63295379,-105.0204661,,,,,,,
35272,70,42.0904,-86.4737,,,,,,,
35273,127,44.924,-73.3517,,,,,,,
35274,317,40.6766,-79.9369,,,,,,,
35279,81,38.8028,-121.3375,,,,,,,
35282,81,38.80237957,-90.77266958,,,,,,,
35283,81,42.4124,-88.6255,,,,,,,
35286,81,41.0005,-98.6074,,,,,,,
35287,87,26.59921215,-81.9345427,,,,,,,
35288,81,41.1193,-98.5472,,,,,,,
35291,81,41.1193,-98.5472,,,,,,,
35300,81,34.9675,-89.8487,,,,,,,
35301,81,27.975,-81.9012,,,,,,,
35303,81,-87.8728,47.2464,,,,,,,
35304,81,34.7143,-86.6832,,,,,,,
35305,81,39.82,-83.4229,,,,,,,
35308,81,-78.15856,16.40626,,,,,,,
35311,81,28.6033,-99.8117,,,,,,,
35315,81,44.8687,-93.7839,,,,,,,
35316,81,33.3993,-86.7337,,,,,,,
35320,81,43.4789,-93.0074,,,,,,,
35325,107,35.4114,-91.7709,,,,,,,
35332,81,37.0911,-93.8084,,,,,,,
35336,107,44.9104,-122.9889,,,,,,,
35337,81,45.7296,-75.3452,,,,,,,
35342,26,36.1564,-115.0979,,,,,,,
35343,81,28.5175,-81.64,,,,,,,
35344,81,30.5547,-95.6158,,,,,,,
35345,81,36.28487066,-83.29618437,,,,,,,
35347,81,33.3995,-86.7333,,,,,,,
35359,81,30.6154,-95.5274,,,,,,,
35360,81,26.6233,-80.144,,,,,,,
35362,139,32.48521959,-90.9835902,,,,,,,
35364,297,18.4577892,-66.1303193,,,,,,,
35366,248,28.30922596,-82.39152079,,,,,,,
35367,166,39.8146339,-75.14198966,,,,,,,
35370,81,32.47150796,-97.74904648,,,,,,,
35371,81,39.9867,-74.5706,,,,,,,
35373,81,40.8017,-74.0009,,,,,,,
35375,209,62.6914,-131.0538,,,,,,,
35376,91,45.3774,-92.8141,,,,,,,
35377,81,36.1072,-87.4215,,,,,,,
35378,81,34.921,-90.1245,,,,,,,
35379,81,45.3716,-92.8132,,,,,,,
35380,283,29.29532,-94.80791,,,,,,,
35381,81,37.1248,-119.87686,,,,,,,
35383,48,38.96384,-94.49349,,,,,,,
35385,275,40.8914,-111.581,,,,,,,
35387,81,41.0698,-82.4291,,,,,,,
35388,92,45.34072226,-122.6630143,,,,,,,
35390,89,42.3039,-82.7006,,,,,,,
35391,81,42.18446821,-76.42227886,,,,,,,
35397,91,43.4644,-79.6417,,,,,,,
35399,81,42.826,-73.9598,,,,,,,
35400,139,40.6304,-73.2657,,,,,,,
35401,81,35.955,-95.9591,,,,,,,
35402,81,41.9024,-83.7182,,,,,,,
35404,81,39.23735936,-111.0695431,,,,,,,
35408,81,32.7422,-88.9336,,,,,,,
35409,81,32.0458,-84.8232,,,,,,,
35410,81,29.55814099,-95.74644336,,,,,,,
35411,81,33.0788,-96.6236,,,,,,,
35412,81,34.52,-118.6065,,,,,,,
35414,81,30.9076,-97.2303,,,,,,,
35416,127,36.31136108,-91.52581428,,,,,,,
35418,81,41.1764,-97.5509,,,,,,,
35420,81,40.00923,-74.25145811,,,,,,,
35421,81,39.72927237,-74.29178909,,,,,,,
35422,81,40.0089612,-74.25383358,,,,,,,
35423,81,36.121,-78.1896,,,,,,,
35424,81,39.7925941,-74.27938701,,,,,,,
35425,26,36.5985,-78.2971,,,,,,,
35426,81,33.1551,-97.1583,,,,,,,
35427,107,39.4137,-99.4219,,,,,,,
35428,81,32.7234,-99.2963,,,,,,,
35430,81,39.7366,-104.59,,,,,,,
35431,32,30.6402,-88.2772,,,,,,,
35432,81,40.00878757,-74.25426102,,,,,,,
35433,62,35.1127,-75.9796,,,,,,,
35435,91,42.2370328,-83.10682048,,,,,,,
35436,81,34.822,-87.3163,,,,,,,
35439,81,31.6445,-94.6463,,,,,,,
35440,127,29.66140024,-95.30693457,,,,,,,
35441,48,50.1093,-98.3803,,,,,,,
35442,81,48.05148096,-122.0948178,,,,,,,
35443,152,50.2928,-96.8656,,,,,,,
35445,81,29.6715,-95.0066,,,,,,,
35448,38,50.2985,-96.8444,,,,,,,
35450,127,36.8349,-83.3256,,,,,,,
35451,127,36.8349,-83.3256,,,,,,,
35452,81,34.9363,-94.0358,,,,,,,
35454,91,56.2321,-120.8138,,,,,,,
35455,81,28.260488,-82.153053,,,,,,,
35457,81,28.0653,-82.7201,,,,,,,
35458,283,36.7712,-76.0148,,,,,,,
35459,81,36.7508,-83.2579,,,,,,,
35461,127,36.8346,-83.3256,,,,,,,
35462,81,36.7396,-83.2629,,,,,,,
35463,108,30.2212,-93.2238,,,,,,,
35466,81,29.8922,-98.2148,,,,,,,
35470,26,35.861,-84.1242,,,,,,,
35471,81,40.66745482,-74.31718844,,,,,,,
35473,81,30.3295,-89.741,,,,,,,
35474,81,30.3296,-89.741,,,,,,,
35475,81,76.6413,-50.4,,,,,,,
35479,81,35.0627,-85.535,,,,,,,
35480,81,38.2173,-92.7693,,,,,,,
35482,81,43.69244,-71.11476,,,,,,,
35483,81,26.6558,-80.1729,,,,,,,
35485,81,32.9224,-85.1708,,,,,,,
35489,81,33.3994,-86.7328,,,,,,,
35490,81,40.6653,-74.836,,,,,,,
35491,81,44.8687,-93.7839,,,,,,,
35492,81,44.84432293,-93.67503834,,,,,,,
35493,81,38.7783,-99.789,,,,,,,
35495,108,30.3969,-81.3946,,,,,,,
35499,81,33.7402498,-84.5584057,,,,,,,
35501,81,38.3481,-85.5989,,,,,,,
35504,107,35.36842,-94.34855,,,,,,,
35505,81,33.0945,-96.6425,,,,,,,
35507,112,28.8363,-97.0637,,,,,,,
35508,152,41.21153198,-101.6711505,,,,,,,
35509,81,35.36842,-94.34855,,,,,,,
35510,81,42.0995,-72.5573,,,,,,,
35513,107,38.88130008,-94.32630593,,,,,,,
35514,81,30.79007972,-81.56803722,,,,,,,
35515,81,32.1849,-110.8146,,,,,,,
35518,81,30.1917,-95.5113,,,,,,,
35519,81,7.2284,5.2015,,,,,,,
35522,81,43.489,-80.5267,,,,,,,
35524,157,36.3726609,-75.968718,,,,,,,
35525,81,36.0679158,-79.5182446,,,,,,,
35526,81,38.08247105,-97.87534758,,,,,,,
35527,81,31.33183178,-85.67522981,,,,,,,
35528,81,38.346,-85.5479,,,,,,,
35529,81,38.2943,-85.5996,,,,,,,
35530,81,38.3291,-85.5477,,,,,,,
35532,81,28.2926,-81.3955,,,,,,,
35533,52,41.13760571,-85.11028725,,,,,,,
35535,48,35.65917162,-118.435819,,,,,,,
35536,26,36.5985,-78.2988,,,,,,,
35538,237,31.558,-84.6609,,,,,,,
35539,52,31.8874,-97.3585,,,,,,,
35542,81,31.2123,-96.6509,,,,,,,
35543,81,33.8212,-118.0836,,,,,,,
35544,81,35.3203876,-80.8147669,,,,,,,
35545,81,41.9571,-83.6601,,,,,,,
35547,152,41.8647,-83.7097,,,,,,,
35548,152,46.4788,-93.937,,,,,,,
35549,81,26.6833,-80.3457,,,,,,,
35551,129,26.9651,-80.0845,,,,,,,
35552,81,43.88274178,-84.49608677,,,,,,,
35553,127,32.187,-81.153,,,,,,,
35559,254,26.6006,-80.087,,,,,,,
35561,81,40.41109545,-74.23963399,,,,,,,
35562,81,40.36984783,-74.18720509,,,,,,,
35563,18,40.41119476,-74.23944645,,,,,,,
35565,81,40.36947398,-74.1871495,,,,,,,
35568,81,42.084,-83.6879,,,,,,,
35569,18,45.3182,-123.9177,,,,,,,
35570,81,41.0209,-74.1752,,,,,,,
35572,81,40.19475878,-74.30082977,,,,,,,
35574,62,29.5081965,-95.0495948,,,,,,,
35576,81,31.47456638,-96.22121036,,,,,,,
35583,81,32.6595,-97.6152,,,,,,,
35584,81,36.3692272,-100.8008865,,,,,,,
35587,81,35.0265,-80.5296,,,,,,,
35589,81,41.25418687,-96.07550784,,,,,,,
35591,81,41.1791,-97.6763,,,,,,,
35592,81,41.25418937,-96.07550674,,,,,,,
35593,26,38.2207,-92.7734,,,,,,,
35594,81,33.9305,-80.3876,,,,,,,
35596,81,33.8024,-80.3028,,,,,,,
35597,81,33.9361,-80.399,,,,,,,
35598,81,33.8301,-80.3682,,,,,,,
35599,139,38.7286,-121.3,,,,,,,
35601,81,33.84547,-81.66314,,,,,,,
35602,283,36.8998,-76.0395,,,,,,,
35603,81,41.7867,-78.6856,,,,,,,
35604,81,40.23032184,-74.76859776,,,,,,,
35605,18,38.68707344,-77.25657953,,,,,,,
35607,81,33.8301,-80.3684,,,,,,,
35608,81,36.9785,-82.563,,,,,,,
35610,139,40.6309,-73.2601,,,,,,,
35611,81,33.3993,-86.7323,,,,,,,
35615,81,33.4552,-96.6071,,,,,,,
35619,117,53.7681,-113.1706,,,,,,,
35620,209,35.0265,-87.7226,,,,,,,
35621,91,45.1099,-93.5117,,,,,,,
35627,283,36.897,-76.035,,,,,,,
35630,81,36.6754,-85.6956,,,,,,,
35642,81,39.2935,-99.7733,,,,,,,
35643,81,44.6486,-73.3136,,,,,,,
35645,26,-18.4785,-70.3218,,,,,,,
35646,81,32.664,-97.4122,,,,,,,
35649,81,36.6354,-95.5715,,,,,,,
35650,26,32.7005,-97.7747,,,,,,,
35651,127,32.5967,-97.7722,,,,,,,
35652,139,36.8506,-121.9325,,,,,,,
35654,26,36.5988,-78.3001,,,,,,,
35655,81,35.9386,-95.9695,,,,,,,
35657,218,43.90418524,-78.80381993,,,,,,,
35663,107,35.4957,-92.0166,,,,,,,
35667,81,35.8592912,-81.2915595,,,,,,,
35669,107,38.8697,-94.3376,,,,,,,
35671,81,35.2526,-87.3388,,,,,,,
35672,238,44.11992434,-121.332577,,,,,,,
35673,81,30.4792,-89.4563,,,,,,,
35677,81,32.9943,-98.5384,,,,,,,
35678,81,35.4172,-81.1936,,,,,,,
35680,166,41.37640659,-73.05492704,,,,,,,
35683,81,29.817,-94.9619,,,,,,,
35687,81,38.84504509,-94.92737448,,,,,,,
35688,81,32.87923492,-96.9643996,,,,,,,
35689,82,36.63551073,-121.8937218,,,,,,,
35690,19,28.5228,-96.5042,,,,,,,
35692,81,29.5651,-98.5071,,,,,,,
35693,139,40.6697203,-74.2742698,,,,,,,
35695,81,35.078,-85.4774,,,,,,,
35697,39,40.6437,-80.0584,,,,,,,
35701,81,77.808,-44.64,,,,,,,
35703,81,33.0946,-96.6424,,,,,,,
35704,39,43.5014,-78.7299,,,,,,,
35706,297,26.7194,-81.6935,,,,,,,
35707,297,26.5947,-81.8358,,,,,,,
35708,297,26.5948,-81.8355,,,,,,,
35710,48,40.21781054,-74.76045213,,,,,,,
35711,81,30.61948108,-87.18662076,,,,,,,
35712,81,41.7865,-78.6858,,,,,,,
35713,286,35.4945,-97.7642,,,,,,,
35714,81,44.8517,-93.7796,,,,,,,
35715,81,26.6239,-80.1431,,,,,,,
35718,156,32.8569,-82.9516,,,,,,,
35719,135,40.5218,-88.9202,,,,,,,
35720,81,31.6319,-94.6481,,,,,,,
35721,81,38.3292,-85.5475,,,,,,,
35723,235,29.6942,-83.4749,,,,,,,
35724,81,30.9097,-97.2315,,,,,,,
35727,192,42.12978773,-80.10738969,,,,,,,
35728,91,43.3511,-80.3154,,,,,,,
35729,81,34.0792,-84.4551,,,,,,,
35730,81,34.0274,-84.4616,,,,,,,
35731,107,41.01018982,-81.97815461,,,,,,,
35736,108,29.39276,-94.92507,,,,,,,
35737,297,26.09991986,-80.24871787,,,,,,,
35738,81,27.94786147,-81.98616776,,,,,,,
35740,286,42.539,-73.958,,,,,,,
35741,81,43.7928,-71.13116,,,,,,,
35742,60,35.33337276,-85.41179774,,,,,,,
35744,107,43.6423924,-116.3535146,,,,,,,
35748,81,41.04968126,-73.74406847,,,,,,,
35749,81,30.1724,-82.632,,,,,,,
35750,107,41.83232,-72.63842,,,,,,,
35754,81,38.6451,-121.1282,,,,,,,
35756,81,41.81926271,-81.05909181,,,,,,,
35758,81,30.35405167,-86.25136261,,,,,,,
35759,81,41.04819984,-73.74482331,,,,,,,
35763,135,37.9425,-122.2438,,,,,,,
35764,108,30.3381,-87.2776,,,,,,,
35765,18,46.6000781,-94.3170063,,,,,,,
35766,127,-32.9342,28.0063,,,,,,,
35767,81,34.90026458,-90.17134587,,,,,,,
35768,108,32.4128,-80.7073,,,,,,,
35769,81,33.709,-80.2208,,,,,,,
35772,43,33.93062,-118.43576,,,,,,,
35773,82,38.63303512,-123.390568,,,,,,,
35780,81,38.7422,-121.1446,,,,,,,
35781,81,29.92816218,-96.32575081,,,,,,,
35783,81,31.2622,-93.0095,,,,,,,
35789,81,33.2908,-96.5761,,,,,,,
35790,137,25.2914,-81.0452,,,,,,,
35791,297,25.3181,-81.0225,,,,,,,
35794,81,26.083,-80.2815,,,,,,,
35795,81,41.7417,-71.5144,,,,,,,
35798,89,42.1027,-88.2811,,,,,,,
35800,286,40.0048,-74.8219,,,,,,,
35801,127,38.3925,-91.8218,,,,,,,
35802,63,35.8121,-84.602,,,,,,,
35803,18,41.6947,-86.2655,,,,,,,
35805,81,35.84542098,-78.0487667,,,,,,,
35806,81,35.367,-81.1874,,,,,,,
35807,81,42.5895,-71.0251,,,,,,,
35812,81,7.1881,21.09375,,,,,,,
35815,32,33.8603,-84.4705,,,,,,,
35816,81,41.1193,-98.5472,,,,,,,
35817,81,41.1193,-98.5472,,,,,,,
35818,81,41.1193,-98.5472,,,,,,,
35821,81,31.895,-85.1458,,,,,,,
35822,81,37.80286157,-121.3126312,,,,,,,
35823,81,36.8904,-85.0449,,,,,,,
35826,91,42.23702006,-83.10691889,,,,,,,
35827,81,29.07567255,-99.86095783,,,,,,,
35829,71,25.6347,-80.0298,,,,,,,
35830,18,46.6131117,-94.2312467,,,,,,,
35831,81,26.6544,-80.1285,,,,,,,
35833,91,42.1004,-83.1128,,,,,,,
35838,81,45.9939,-95.9767,,,,,,,
35847,81,33.6732,-111.1292,,,,,,,
35848,127,36.835,-83.3256,,,,,,,
35850,81,30.1011,-94.4011,,,,,,,
35851,135,33.6635,-80.5358,,,,,,,
35854,120,30.3699,-87.1149,,,,,,,
35863,81,33.663,-80.5361,,,,,,,
35864,127,32.7007,-97.7724,,,,,,,
35865,81,42.5449157,-85.42653778,,,,,,,
35868,81,35.86583793,-95.30916109,,,,,,,
35869,138,42.9972,-79.0225,,,,,,,
35873,81,32.829,-79.8065,,,,,,,
35874,81,33.08552832,-97.03501271,,,,,,,
35877,81,38.7438,-121.2127,,,,,,,
35890,81,30.4853,-89.4544,,,,,,,
35891,209,30.3215,-90.6848,,,,,,,
35895,81,42.3316,-71.371,,,,,,,
35896,81,37.6625,-77.4442,,,,,,,
35897,81,30.1735,-97.9992,,,,,,,
35898,240,29.7148,-95.2097,,,,,,,
35900,48,40.8845,-90.7792,,,,,,,
35901,91,40.63382662,-81.45528574,,,,,,,
35903,81,37.494,-76.9638,,,,,,,
35905,52,44.51684931,-78.50175167,,,,,,,
35906,218,43.90391854,-78.80384883,,,,,,,
35907,81,35.1954,-88.3617,,,,,,,
35908,48,41.7505,-81.0306,,,,,,,
35910,82,36.1927,-122.8058,,,,,,,
35911,81,31.75374084,-106.4022547,,,,,,,
35914,81,45.553,-122.4458,,,,,,,
35915,300,29.0877,-95.1288,,,,,,,
35918,108,28.8866,-95.3837,,,,,,,
35921,192,27.94461493,-81.98514228,,,,,,,
35922,39,43.438,-78.8356,,,,,,,
35924,81,35.3038,-85.0504,,,,,,,
35927,81,26.0679,-80.2773,,,,,,,
35928,38,38.6697,-75.0115,,,,,,,
35931,107,43.62471774,-116.3455612,,,,,,,
35932,81,36.02323,-79.9018,,,,,,,
35933,81,33.6615,-80.528,,,,,,,
35934,81,26.6245,-80.1423,,,,,,,
35937,81,40.7951,-81.4394,,,,,,,
35938,70,37.4704,-98.0824,,,,,,,
35939,89,44.55424,-78.35196,,,,,,,
35940,81,41.82,-88.3937,,,,,,,
35942,78,28.3771,-80.6996,,,,,,,
35949,117,40.4434,-80.015,,,,,,,
35951,108,29.5082029,-95.0496003,,,,,,,
35952,81,32.7786,-97.6798,,,,,,,
35953,81,43.1643,-76.3335,,,,,,,
35955,81,40.8181,-89.3971,,,,,,,
35956,91,37.4703,-98.0822,,,,,,,
35957,81,36.8239,-98.0925,,,,,,,
35963,81,46.6008571,-94.3172674,,,,,,,
35965,209,37.9939,-86.18,,,,,,,
35966,81,38.0009,-86.1716,,,,,,,
35967,218,43.9052089,-78.80383677,,,,,,,
35968,81,29.0507,-95.4507,,,,,,,
35970,81,35.2036364,-89.50655221,,,,,,,
35971,81,38.7439,-121.1574,,,,,,,
35972,139,38.7437,-121.1572,,,,,,,
35973,81,38.7437,-121.1572,,,,,,,
35974,81,35.20566355,-89.50577961,,,,,,,
35987,81,35.84722363,-78.06006293,,,,,,,
35989,81,44.3168,-80.4997,,,,,,,
35990,81,38.3289,-85.5471,,,,,,,
35996,81,27.8508,-82.2154,,,,,,,
35997,107,44.3766,-72.9225,,,,,,,
35998,81,42.9559,-85.6198,,,,,,,
35999,135,37.583,-121.1208,,,,,,,
2003,81,39.7037,-74.9319,,,,,,,
2005,81,37.3428,-85.3676,,,,,,,
2007,81,41.51666147,-93.78545276,,,,,,,
2008,81,37.1618,-76.4522,,,,,,,
2009,89,37.2485,-85.292,,,,,,,
2010,81,42.2732,-79.7164,,,,,,,
2011,81,37.1623,-76.4482,,,,,,,
2012,81,37.1595,-76.4516,,,,,,,
2015,81,30.2694,-82.1338,,,,,,,
2016,81,39.0046,-86.4676,,,,,,,
2018,91,45.8894,-95.3663,,,,,,,
2021,81,41.8133,-73.112,,,,,,,
2022,89,40.2109,-75.3674,,,,,,,
2023,81,42.17084087,-85.54384614,,,,,,,
2024,127,39.965,-84.3243,,,,,,,
2029,81,43.06237541,-77.0180081,,,,,,,
2030,81,41.044,-80.3665,,,,,,,
2032,81,38.262,-90.6083,,,,,,,
2033,81,29.0935,-97.2893,,,,,,,
2034,22,33.8364,-78.6057,,,,,,,
2035,127,42.0707,-76.1532,,,,,,,
2038,44,30.1118,-95.2891,,,,,,,
2039,81,28.5342,-81.3378,,,,,,,
2041,81,42.2721932,-77.216609,,,,,,,
2042,127,45.6253,-122.0101,,,,,,,
2043,81,37.6717,-121.8451,,,,,,,
2046,48,37.50417,-83.93722,,,,,,,
2047,81,36.58954008,-95.99639672,,,,,,,
2048,127,38.00019,-91.61632,,,,,,,
2050,48,37.9824,-91.2396,,,,,,,
2052,81,37.7237,-122.1089,,,,,,,
2055,81,43.0344,-89.3781,,,,,,,
2058,48,34.28946,-118.71766,,,,,,,
2059,48,38.0307156,-97.92876763,,,,,,,
2061,81,35.97449036,-83.85944444,,,,,,,
2065,81,44.2224,-93.5681,,,,,,,
2069,91,44.19,-93.6375,,,,,,,
2070,48,44.2222,-93.5686,,,,,,,
2071,48,39.4767,-77.9472,,,,,,,
2072,91,44.6399,-73.1134,,,,,,,
2073,81,32.70331,-97.21409,,,,,,,
2074,18,39.8552,-84.876,,,,,,,
2081,1,32.84835585,-96.72379358,,,,,,,
2089,67,33.03116943,-96.96779591,,,,,,,
2092,81,33.9584,-83.9666,,,,,,,
2094,253,37.2406,-84.7213,,,,,,,
2096,127,42.5942,-86.1139,,,,,,,
2100,52,30.5766,-98.2731,,,,,,,
2102,26,30.5195,-91.2024,,,,,,,
2103,81,30.0676,-99.2269,,,,,,,
2105,81,30.7996,-91.1816,,,,,,,
2107,81,43.1255,-76.3281,,,,,,,
2109,48,39.21218672,-88.71632462,,,,,,,
2110,31,39.8376,-74.0864,,,,,,,
2111,26,36.9911,-79.8962,,,,,,,
2112,81,42.273,-79.7174,,,,,,,
2113,48,32.3506,-98.0187,,,,,,,
2114,81,34.6963,-83.7122,,,,,,,
2116,81,32.97815752,-80.41483882,,,,,,,
2117,48,40.4985,-83.8641,,,,,,,
2127,81,41.5768,-75.5884,,,,,,,
2128,81,39.8669,-86.3009,,,,,,,
2130,81,42.2733,-79.7166,,,,,,,
2135,105,31.702,-89.0263,,,,,,,
2136,81,28.7738,-97.0376,,,,,,,
2137,47,31.7012,-89.0264,,,,,,,
2138,127,43.9561,-76.107,,,,,,,
2139,81,47.11227614,-122.6018299,,,,,,,
2140,81,30.0508,-97.8027,,,,,,,
2141,81,47.11170761,-122.6000617,,,,,,,
2142,127,43.1245,-72.4376,,,,,,,
2143,127,44.6459,-73.3009,,,,,,,
2144,63,33.03115951,-96.9684378,,,,,,,
2146,81,29.122,-98.157,,,,,,,
2149,81,28.5817,-81.5351,,,,,,,
2151,138,45.40998247,-122.2648927,,,,,,,
2155,81,41.3724,-73.6645,,,,,,,
2156,152,41.1078,-101.1284,,,,,,,
2159,81,45.1221,-92.5376,,,,,,,
2161,81,33.2606,-111.8592,,,,,,,
2166,81,43.9498,-76.1216,,,,,,,
2167,81,38.4541,-122.6553,,,,,,,
2169,192,43.9503,-76.1221,,,,,,,
2172,81,37.6567,-77.6128,,,,,,,
2173,81,42.1171,-93.216,,,,,,,
2174,81,40.84824794,-84.31208681,,,,,,,
2178,85,35.6233,-77.362,,,,,,,
2179,81,35.6275,-77.3609,,,,,,,
2181,48,39.01826,-94.27481,,,,,,,
2182,143,26.7488,-82.26,,,,,,,
2183,18,39.8711,-86.2993,,,,,,,
2185,107,38.513,-79.3103,,,,,,,
2187,81,40.3672,-76.4577,,,,,,,
2189,81,41.5237,-93.102,,,,,,,
2190,81,30.2654,-95.4745,,,,,,,
2191,152,42.0906564,-78.50186569,,,,,,,
2192,81,34.53739797,-118.5767419,,,,,,,
2193,81,40.3594,-76.4542,,,,,,,
2194,81,37.0859,-88.6404,,,,,,,
2196,81,42.9382,-72.1366,,,,,,,
2198,153,31.4538564,-93.4621024,,,,,,,
2199,22,42.0547,-124.2889,,,,,,,
2200,81,47.19724218,-122.1428965,,,,,,,
2202,166,42.1809,-73.1918,,,,,,,
2203,81,42.8548,-75.5172,,,,,,,
2206,81,42.2244,-84.3509,,,,,,,
2207,81,42.2245,-84.3509,,,,,,,
2208,81,42.2242,-84.3507,,,,,,,
2210,253,42.2242,-84.3508,,,,,,,
2211,60,34.04700596,-81.23086326,,,,,,,
2212,127,42.28720263,-85.51752604,,,,,,,
2213,165,42.2241,-84.3507,,,,,,,
2214,165,42.2243,-84.3507,,,,,,,
2215,35,42.2243,-84.3508,,,,,,,
2216,166,42.2243,-84.3508,,,,,,,
2217,136,31.4038646,-93.5925014,,,,,,,
2218,85,31.4036169,-93.6013624,,,,,,,
2220,81,45.8894,-95.3663,,,,,,,
2221,81,31.4568253,-93.5735189,,,,,,,
2224,5,-28.0829,-92.64,,,,,,,
2226,52,31.3405931,-93.4139459,,,,,,,
2228,81,28.1581,-82.5062,,,,,,,
2229,52,40.21,-111.8241,,,,,,,
2230,63,31.3410882,-93.4137883,,,,,,,
2231,108,31.3405931,-93.4139459,,,,,,,
2232,81,43.6012,-91.2667,,,,,,,
2233,52,31.3405931,-93.4139459,,,,,,,
2234,85,31.3391961,-93.4115122,,,,,,,
2237,108,29.32991105,-94.94376875,,,,,,,
2241,81,41.0053,-96.1633,,,,,,,
2242,48,35.97542323,-83.85917611,,,,,,,
2243,60,39.8268,-76.3366,,,,,,,
2244,48,39.6684,-77.9424,,,,,,,
2245,89,39.6025,-77.831,,,,,,,
2246,32,40.298,-83.0348,,,,,,,
2249,81,40.3689,-82.8386,,,,,,,
2250,81,39.6023,-84.1603,,,,,,,
2251,18,41.3247,-80.7574,,,,,,,
2252,81,38.715,-90.4824,,,,,,,
2253,81,40.7201,-94.0854,,,,,,,
2254,81,41.3444,-80.7654,,,,,,,
2256,81,38.7114,-90.4826,,,,,,,
2259,139,40.1206,-74.8267,,,,,,,
2260,81,39.6784,-84.6549,,,,,,,
2262,81,41.0923,-104.8505,,,,,,,
2263,81,39.0671,-88.7127,,,,,,,
2267,81,40.3594,-76.4542,,,,,,,
2268,81,39.01920656,-84.17168708,,,,,,,
2269,209,41.6365,-80.1514,,,,,,,
2270,81,33.6822,-95.4456,,,,,,,
2271,81,41.3423,-85.6071,,,,,,,
2272,81,41.6365,-80.1514,,,,,,,
2273,81,29.0841,-97.2735,,,,,,,
2277,26,36.3883,-95.6692,,,,,,,
2278,127,37.2254,-97.5135,,,,,,,
2284,35,29.8679,-95.17352,,,,,,,
2285,81,37.1495,-76.4991,,,,,,,
2286,81,32.2131,-95.7461,,,,,,,
2290,81,32.2339,-92.5208,,,,,,,
2291,51,42.412,-86.3226,,,,,,,
2292,81,28.0126,-81.6679,,,,,,,
2293,81,42.7637,-71.0498,,,,,,,
2294,81,27.9821,-81.6633,,,,,,,
2296,81,27.9817,-81.6631,,,,,,,
2299,26,32.1849,-110.8159,,,,,,,
2303,81,35.1072,-82.0905,,,,,,,
2304,81,41.0286,-85.1629,,,,,,,
2305,108,30.4024,-88.8247,,,,,,,
2306,127,41.242,-82.6152,,,,,,,
2307,81,35.49167182,-85.00386801,,,,,,,
2308,81,36.8575,-88.3508,,,,,,,
2312,81,43.1415,-72.3249,,,,,,,
2313,128,31.3391961,-93.4115122,,,,,,,
2314,81,36.882,-87.9333,,,,,,,
2315,249,31.3410882,-93.4137883,,,,,,,
2316,139,39.9594,-80.7595,,,,,,,
2317,156,31.34097547,-93.41371198,,,,,,,
2318,81,42.03441,-87.86845,,,,,,,
2319,52,31.3410882,-93.4137883,,,,,,,
2320,81,36.8841,-94.3718,,,,,,,
2322,48,39.9595,-80.7586,,,,,,,
2323,91,47.4898,-101.9318,,,,,,,
2324,137,27.3139,-82.5494,,,,,,,
2325,127,47.4887,-101.9324,,,,,,,
2326,81,32.1854,-88.8265,,,,,,,
2328,81,39.971,-74.5731,,,,,,,
2329,81,28.7993,-82.1302,,,,,,,
2330,81,40.1183,-74.765,,,,,,,
2331,19,31.3410882,-93.4137883,,,,,,,
2332,10,31.3586122,-93.4197103,,,,,,,
2333,108,31.34074364,-93.41332438,,,,,,,
2335,81,35.8762,-84.289,,,,,,,
2336,120,31.34104289,-93.41368437,,,,,,,
2337,34,31.3405931,-93.4139459,,,,,,,
2339,81,36.893,-76.1619,,,,,,,
2340,81,35.8798,-84.2929,,,,,,,
2342,32,35.8796,-84.2949,,,,,,,
2343,81,39.4617,-76.5785,,,,,,,
2351,67,31.3410882,-93.4137883,,,,,,,
2353,186,38.1686,-122.9084,,,,,,,
2354,67,31.3410882,-93.4137883,,,,,,,
2357,60,31.3377681,-93.4115122,,,,,,,
2359,60,31.34103889,-93.41367935,,,,,,,
2360,32,27.3929,-82.4569,,,,,,,
2361,60,27.3002,-82.4613,,,,,,,
2362,153,31.3377681,-93.4115122,,,,,,,
2363,81,27.0499,-83.0853,,,,,,,
2364,152,42.8427,-97.679,,,,,,,
2365,135,31.3410882,-93.4137883,,,,,,,
2366,81,42.8609855,-74.84890729,,,,,,,
2367,146,43.0407093,-74.85179144,,,,,,,
2368,128,31.3377681,-93.4115122,,,,,,,
2369,81,42.2734,-79.7173,,,,,,,
2370,164,31.3265667,-93.416557,,,,,,,
2372,81,33.6827,-117.7918,,,,,,,
2376,105,43.95,-76.1231,,,,,,,
2377,32,34.28946,-118.71766,,,,,,,
2378,81,-81.3119,84.32,,,,,,,
2381,32,35.97505595,-83.85921955,,,,,,,
2386,81,38.71732872,-90.75282763,,,,,,,
2387,18,31.3410882,-93.4137883,,,,,,,
2388,52,31.3399936,-93.4083594,,,,,,,
2391,275,31.3405931,-93.4139459,,,,,,,
2392,81,31.06260768,-88.29276904,,,,,,,
2394,143,29.02338333,-80.9188451,,,,,,,
2397,152,41.10358376,-101.1247074,,,,,,,
2400,63,31.3410882,-93.4137883,,,,,,,
2401,139,31.3405931,-93.4139459,,,,,,,
2402,108,29.02341431,-80.91883012,,,,,,,
2406,135,31.1611,-88.0328,,,,,,,
2408,81,28.41312368,-81.23776672,,,,,,,
2409,91,41.19023106,-112.7856069,,,,,,,
2411,32,39.8405,-74.1985,,,,,,,
2412,81,30.4823,-97.7161,,,,,,,
2416,81,38.1675,-85.5111,,,,,,,
2417,209,41.2643,-96.2168,,,,,,,
2419,60,31.89648434,-97.2019658,,,,,,,
2420,127,44.495,-121.1482,,,,,,,
2421,152,37.3402,-82.3964,,,,,,,
2424,81,40.73411,-82.36314,,,,,,,
2425,146,40.35653074,-109.7811735,,,,,,,
2429,48,42.01279,-87.89676,,,,,,,
2430,19,30.3088,-89.33,,,,,,,
2435,81,40.64,-80.3426,,,,,,,
2436,81,36.7389,-119.6973,,,,,,,
2440,32,41.3283,-73.587,,,,,,,
2441,81,39.1263,-121.5988,,,,,,,
2443,81,34.51094,-96.96779,,,,,,,
2444,32,45.8894,-95.3663,,,,,,,
2446,267,34.44746704,-97.01767236,,,,,,,
2447,127,45.1297,-85.6162,,,,,,,
2449,26,31.3183043,-93.418449,,,,,,,
2450,127,40.8372,-73.2214,,,,,,,
2454,16,31.3405931,-93.4139459,,,,,,,
2455,81,33.659,-84.0173,,,,,,,
2456,112,31.3405931,-93.4139459,,,,,,,
2457,32,31.3410882,-93.4137883,,,,,,,
2458,107,31.3406992,-93.4086747,,,,,,,
2459,111,31.34104963,-93.41366902,,,,,,,
2460,81,39.1169,-121.6022,,,,,,,
2461,81,43.7477,-73.4938,,,,,,,
2465,127,42.7155,-72.4532,,,,,,,
2466,81,35.4855,-97.6702,,,,,,,
2467,156,47.4878,-101.9601,,,,,,,
2468,174,40.9433,-73.1668,,,,,,,
2469,81,41.62265925,-72.85220888,,,,,,,
2470,48,39.5791,-84.3377,,,,,,,
2471,81,39.1409986,-92.2316135,,,,,,,
2473,48,35.2624,-81.2998,,,,,,,
2474,52,36.4153,-80.6759,,,,,,,
2475,81,34.144,-83.899,,,,,,,
2476,81,28.3849,-81.2755,,,,,,,
2477,81,34.0833,-84.0834,,,,,,,
2480,23,31.3405931,-93.4139459,,,,,,,
2482,81,40.82555732,-92.32118146,,,,,,,
2485,81,38.5326535,-90.84745347,,,,,,,
2487,93,26.06568,-80.23473,,,,,,,
2489,26,31.3183043,-93.418449,,,,,,,
2490,81,43.06237541,-77.0180081,,,,,,,
2493,1,30.3019,-89.3274,,,,,,,
2494,81,31.2747,-94.3716,,,,,,,
2498,81,38.17043368,-92.80854656,,,,,,,
2499,81,42.12984613,-90.58253452,,,,,,,
2500,143,18.2251,-66.4789,,,,,,,
2501,81,28.19852159,-82.50797477,,,,,,,
2502,81,35.46379685,-80.47928742,,,,,,,
2504,26,30.24992,-89.86562,,,,,,,
2505,81,35.291,-85.0826,,,,,,,
2506,81,33.2362,-79.9848,,,,,,,
2507,139,29.33001289,-94.94371403,,,,,,,
2508,48,42.63384782,-95.20008464,,,,,,,
2509,70,41.0281,-85.1618,,,,,,,
2510,81,34.7042,-79.2988,,,,,,,
2511,81,35.3011,-79.5471,,,,,,,
2512,118,39.65232989,-105.1443927,,,,,,,
2513,81,39.68023475,-105.1163122,,,,,,,
2514,48,42.2239,-73.87,,,,,,,
2515,81,30.5549,-95.6158,,,,,,,
2516,48,42.2254,-73.8699,,,,,,,
2518,19,31.3405931,-93.4139459,,,,,,,
2519,81,36.4769,-79.1023,,,,,,,
2520,81,30.0255799,-98.70133248,,,,,,,
2521,81,37.1366,-76.5332,,,,,,,
2523,127,40.57701984,-107.3758209,,,,,,,
2524,108,28.4516,-96.3859,,,,,,,
2525,32,39.61842889,-106.9537289,,,,,,,
2527,81,40.4501,-82.7668,,,,,,,
2528,152,-37.79319,144.87413,,,,,,,
2529,152,44.3619,-100.3645,,,,,,,
2530,81,38.98065854,-94.35813939,,,,,,,
2534,81,38.98065854,-94.35813939,,,,,,,
2535,81,42.91631267,-85.75624561,,,,,,,
2536,135,39.56778117,-105.0525924,,,,,,,
2537,146,39.6169,-105.01452,,,,,,,
2540,26,30.3019,-89.3279,,,,,,,
2541,81,36.9662,-90.218,,,,,,,
2542,35,31.3405931,-93.4139459,,,,,,,
2543,99,31.3313918,-93.4096205,,,,,,,
2546,81,34.29399591,-77.98510827,,,,,,,
2547,118,39.5785774,-104.821123,,,,,,,
2548,137,27.6349,-97.241,,,,,,,
2549,152,39.5785774,-104.821123,,,,,,,
2552,181,39.5785774,-104.821123,,,,,,,
2553,181,39.5785774,-104.821123,,,,,,,
2554,181,39.6175,-104.79167,,,,,,,
2555,181,39.6175,-104.79167,,,,,,,
2557,181,39.6175,-104.79167,,,,,,,
2558,118,39.56778117,-105.0525924,,,,,,,
2560,35,44.47721501,-75.77660507,,,,,,,
2561,107,39.71782,-104.94883,,,,,,,
2562,81,44.41005463,-75.77193529,,,,,,,
2563,127,39.8133,-80.082,,,,,,,
2564,81,41.1416,-74.305,,,,,,,
2566,107,39.61842889,-106.9537289,,,,,,,
2569,81,34.13361,-117.90589,,,,,,,
2570,152,48.9957,-95.1554,,,,,,,
2572,81,32.8354,-97.397,,,,,,,
2577,107,39.71782,-104.94883,,,,,,,
2580,107,39.71782,-104.94883,,,,,,,
2582,32,39.56778117,-105.0525924,,,,,,,
2583,152,39.56778117,-105.0525924,,,,,,,
2586,81,30.7762,-98.4556,,,,,,,
2587,118,39.56778117,-105.0525924,,,,,,,
2589,152,39.56778117,-105.0525924,,,,,,,
2590,228,39.9029,-77.6937,,,,,,,
2591,81,41.0014,-96.1831,,,,,,,
2592,127,42.2372,-83.605,,,,,,,
2593,81,32.3506,-98.0186,,,,,,,
2594,81,42.2382,-83.6039,,,,,,,
2595,81,44.4803,-73.1083,,,,,,,
2596,48,38.7253,-86.041,,,,,,,
2597,81,36.4415,-87.6946,,,,,,,
2598,81,36.4483,-87.698,,,,,,,
2599,81,36.4448,-87.6981,,,,,,,
2602,18,43.3786,-120.2026,,,,,,,
2604,81,38.8143,-76.7377,,,,,,,
2605,137,29.2218,-82.1165,,,,,,,
2608,81,38.635,-78.668,,,,,,,
2609,81,41.0436,-80.3658,,,,,,,
2610,18,42.3114,-122.8473,,,,,,,
2612,81,36.862,-87.8843,,,,,,,
2614,139,34.607068,-84.6954671,,,,,,,
2619,81,32.9339,-97.1791,,,,,,,
2623,52,39.9593,-80.7585,,,,,,,
2624,26,42.9276,-88.8177,,,,,,,
2625,156,42.9258,-88.8267,,,,,,,
2626,81,40.6298,-80.4189,,,,,,,
2629,81,41.04729556,-75.55407639,,,,,,,
2638,81,34.28946,-118.71766,,,,,,,
2639,60,29.8259,-97.9299,,,,,,,
2640,139,42.8146,-70.8068,,,,,,,
2643,81,41.72032,-85.42241,,,,,,,
2644,81,41.45038752,-87.49744451,,,,,,,
2649,81,37.0542,-90.0976,,,,,,,
2650,99,36.5906,-89.5099,,,,,,,
2651,81,41.0438,-80.3663,,,,,,,
2652,81,44.2221,-93.5688,,,,,,,
2653,81,44.2221,-93.5688,,,,,,,
2655,107,45.1297,-85.6162,,,,,,,
2657,48,42.48876201,-96.41121111,,,,,,,
2659,139,40.963,-73.5699,,,,,,,
2662,124,42.48875628,-96.41121761,,,,,,,
2663,62,40.4855619,-74.25109541,,,,,,,
2664,60,42.48872169,-96.39166059,,,,,,,
2666,246,26.3208403,-80.15120819,,,,,,,
2667,152,43.35314214,-92.92336733,,,,,,,
2669,48,42.1318,-87.8815,,,,,,,
2670,26,30.3022,-89.3278,,,,,,,
2673,81,33.6688,-117.8052,,,,,,,
2674,81,33.6687,-117.8054,,,,,,,
2679,1,29.8237,-95.0926,,,,,,,
2683,26,29.9078,-95.64,,,,,,,
2685,81,31.895,-85.1458,,,,,,,
2688,81,35.5005,-97.6667,,,,,,,
2689,81,35.5066,-97.664,,,,,,,
2691,81,41.293,-85.5334,,,,,,,
2695,32,39.8375,-74.2057,,,,,,,
2696,124,31.3410882,-93.4137883,,,,,,,
2697,48,38.8564,-122.4033,,,,,,,
2698,81,39.6974,-75.1929,,,,,,,
2702,81,42.5818,-86.126,,,,,,,
2703,67,28.2633,-81.4279,,,,,,,
2707,127,41.242,-82.6152,,,,,,,
2708,81,36.4439,-87.6964,,,,,,,
2709,81,43.2411,-71.9042,,,,,,,
2710,1,33.9892,-80.9759,,,,,,,
2711,48,34.4401,-81.4148,,,,,,,
2714,81,34.2983,-84.9844,,,,,,,
2717,107,34.0298,-84.1619,,,,,,,
2718,107,34.0286,-84.1682,,,,,,,
2719,91,43.8548,-73.3861,,,,,,,
2722,26,33.7043,-98.3937,,,,,,,
2723,81,41.13761344,-78.70796304,,,,,,,
2728,81,27.936,-81.2799,,,,,,,
2732,213,37.4935,-94.8348,,,,,,,
2733,81,40.9604,-80.1552,,,,,,,
2735,127,39.3414,-83.043,,,,,,,
2740,81,42.02383674,-88.01387426,,,,,,,
2741,81,41.5419,-82.7192,,,,,,,
2742,152,43.4194,-83.94652,,,,,,,
2745,127,42.8532,-85.8684,,,,,,,
2746,81,37.32196954,-85.34463621,,,,,,,
2750,81,34.48390773,-97.04809756,,,,,,,
2754,81,34.7001,-83.7144,,,,,,,
2756,81,37.45538884,-77.49050969,,,,,,,
2758,139,40.9421,-73.7296,,,,,,,
2759,81,41.1848,-85.1766,,,,,,,
2762,81,34.2719932,-118.7812522,,,,,,,
2763,48,35.97540137,-83.85895804,,,,,,,
2764,3,49.6418,-96.8109,,,,,,,
2765,139,40.9418,-73.7291,,,,,,,
2766,81,44.94450913,-123.2708004,,,,,,,
2770,81,30.05352285,-95.22904261,,,,,,,
2772,81,36.86076955,-119.8016646,,,,,,,
2774,81,36.623,-94.912,,,,,,,
2775,156,31.3388391,-93.4115122,,,,,,,
2777,81,34.1377,-91.4485,,,,,,,
2779,81,42.3499,-84.2636,,,,,,,
2783,127,42.7859,-86.0424,,,,,,,
2784,81,37.1253,-76.529,,,,,,,
2785,81,39.6055,-81.6451,,,,,,,
2787,81,33.3274,-84.4164,,,,,,,
2789,63,32.5957,-97.0664,,,,,,,
2790,139,41.68058169,-71.19482206,,,,,,,
2791,48,35.72169,-77.91614,,,,,,,
2792,81,43.06334,-88.40176,,,,,,,
2797,81,38.10884123,-86.92532564,,,,,,,
2798,127,42.5943,-86.0981,,,,,,,
2800,81,46.073,-95.812,,,,,,,
2805,81,35.6247,-84.7527,,,,,,,
2808,28,29.2757,-94.7971,,,,,,,
2810,127,37.3422181,-78.9920759,,,,,,,
2811,156,31.59409169,-97.10143845,,,,,,,
2812,81,34.1377,-91.4485,,,,,,,
2814,262,33.8425,-78.6029,,,,,,,
2815,48,42.89408727,-85.80142024,,,,,,,
2816,48,32.3506,-98.0187,,,,,,,
2818,224,30.3023,-89.3276,,,,,,,
2820,81,41.9741,-88.696,,,,,,,
2822,81,37.66626985,-121.8392923,,,,,,,
2823,81,30.5896,-90.1728,,,,,,,
2824,81,32.9308,-85.9727,,,,,,,
2826,26,37.3173595,-77.27597513,,,,,,,
2827,127,34.419,-83.9843,,,,,,,
2828,127,34.4263,-83.9676,,,,,,,
2829,81,44.4796,-73.108,,,,,,,
2830,127,36.4692,-87.7177,,,,,,,
2831,81,36.76217238,-89.1141529,,,,,,,
2832,81,31.0345,-85.3844,,,,,,,
2833,153,31.0344,-85.3843,,,,,,,
2834,81,32.9297,-97.1792,,,,,,,
2835,81,41.1417,-87.875,,,,,,,
2836,81,30.7113,-97.8966,,,,,,,
2838,107,44.2924,-72.6786,,,,,,,
2843,127,36.8565,-87.9494,,,,,,,
2847,253,33.40581629,-82.18481276,,,,,,,
2848,152,42.628104,-82.62846352,,,,,,,
2849,91,42.69329989,-82.92524775,,,,,,,
2850,81,36.01457794,-83.8308971,,,,,,,
2853,81,42.6948,-83.3055,,,,,,,
2854,81,42.6948,-83.3054,,,,,,,
2855,146,40.96881653,-78.51045718,,,,,,,
2863,108,27.3897,-82.6108,,,,,,,
2864,81,42.8151,-75.0062,,,,,,,
2866,32,35.4917,-97.6887,,,,,,,
2867,81,42.5845,-86.1258,,,,,,,
2870,81,31.21421084,-82.40487293,,,,,,,
2872,253,40.4771,-75.6254,,,,,,,
2875,81,42.7537,-83.21588,,,,,,,
2877,127,40.5183,-80.1008,,,,,,,
2878,192,41.2505,-73.2374,,,,,,,
2880,81,37.2312,-82.9682,,,,,,,
2881,81,37.2312,-82.9682,,,,,,,
2882,81,37.2312,-82.9682,,,,,,,
2883,81,40.6588,-75.666,,,,,,,
2884,4,40.725,-75.1828,,,,,,,
2888,81,27.9716,-81.7579,,,,,,,
2891,81,31.5891,-97.155,,,,,,,
2898,107,37.7293,-81.7912,,,,,,,
2901,127,40.7364,-84.2326,,,,,,,
2902,81,37.5746,-78.0134,,,,,,,
2903,81,39.9759,-80.64,,,,,,,
2905,139,42.8178,-70.8122,,,,,,,
2907,81,29.3662,-100.8982,,,,,,,
2908,91,45.3568,-97.96669,,,,,,,
2910,81,37.0987,-76.5168,,,,,,,
2911,152,47.5858,-102.1589,,,,,,,
2913,91,47.5568,-102.1648,,,,,,,
2917,81,36.5351,-87.0864,,,,,,,
2919,81,34.6997,-83.7148,,,,,,,
2922,81,38.66,-76.5796,,,,,,,
2927,81,43.3638,-95.1308,,,,,,,
2928,81,35.1342211,-78.8922323,,,,,,,
2929,127,40.6369,-105.1709,,,,,,,
2930,127,42.0133,-83.9412,,,,,,,
2932,79,38.9351,-105.5016,,,,,,,
2937,81,31.2095804,-82.40648563,,,,,,,
2938,152,43.12648604,-88.36030519,,,,,,,
2939,81,43.12557613,-88.35762285,,,,,,,
2940,81,43.12546802,-88.35610322,,,,,,,
2942,263,34.03470069,-77.92025427,,,,,,,
2944,127,43.1554,-90.0502,,,,,,,
2946,32,39.5978,-84.2348,,,,,,,
2948,17,42.97152668,-77.71859336,,,,,,,
2953,81,36.1101,-80.6833,,,,,,,
2954,75,33.2821,-117.6642,,,,,,,
2955,89,44.8834,-93.6386,,,,,,,
2958,81,38.2506,-104.5781,,,,,,,
2959,60,33.1442,-85.3442,,,,,,,
2960,26,36.2821,-86.6031,,,,,,,
2961,5,36.4258,-81.6585,,,,,,,
2964,81,41.3254,-72.7711,,,,,,,
2965,81,41.0282,-85.1635,,,,,,,
2966,107,34.9595,-82.8521,,,,,,,
2967,81,30.532,-84.1936,,,,,,,
2970,81,31.3777,-84.9333,,,,,,,
2972,81,33.6803,-117.7963,,,,,,,
2973,120,26.4534,-82.0727,,,,,,,
2975,127,43.2822,-84.7739,,,,,,,
2976,81,43.2818,-84.7736,,,,,,,
2978,81,43.2804,-84.7733,,,,,,,
2979,91,43.2801,-84.773,,,,,,,
2980,81,29.0852,-97.2728,,,,,,,
2981,81,43.2801,-84.7734,,,,,,,
2982,81,43.2804,-84.7732,,,,,,,
2983,152,42.22407963,-80.47325713,,,,,,,
2984,81,35.2621,-78.6249,,,,,,,
2986,91,43.28,-84.7736,,,,,,,
2988,81,43.2809,-84.7736,,,,,,,
2989,209,31.3405931,-93.4139459,,,,,,,
2990,81,43.2817,-84.7733,,,,,,,
2991,81,43.2799,-84.7728,,,,,,,
2993,127,47.565,-94.1121,,,,,,,
2994,157,30.7393,-95.1624,,,,,,,
2996,81,40.7487,-84.0962,,,,,,,
2997,1,28.8313,-97.0602,,,,,,,
2998,81,32.9295,-97.1795,,,,,,,
3000,81,42.7587,-71.4644,,,,,,,
36002,153,30.9074,-97.231,,,,,,,
36007,81,34.28706,-118.88221,,,,,,,
36008,81,41.1987,-97.3328,,,,,,,
36011,81,35.9782,-77.8065,,,,,,,
36012,81,32.8833,-97.0959,,,,,,,
36014,81,41.8413,-83.66,,,,,,,
36015,81,43.6864,-116.3953,,,,,,,
36016,48,35.46876343,-97.45280273,,,,,,,
36017,108,28.23362,-96.90027,,,,,,,
36019,81,42.0265,-86.4159,,,,,,,
36020,81,33.1734,-96.813,,,,,,,
36022,139,38.2037,-92.6227,,,,,,,
36023,168,29.4168,-89.1831,,,,,,,
36025,192,42.79678972,-83.29203085,,,,,,,
36026,81,29.8233,-98.3458,,,,,,,
36028,81,50.6995,-108.2022,,,,,,,
36029,54,25.68987,-80.16384,,,,,,,
36030,222,43.5699,-76.1992,,,,,,,
36031,81,35.4582,-97.1614,,,,,,,
36035,108,27.4058,-97.3055,,,,,,,
36038,81,33.55772701,-117.1627586,,,,,,,
36039,81,35.263,-87.3568,,,,,,,
36042,81,33.0944,-96.6423,,,,,,,
36044,1,44.559,-77.3119,,,,,,,
36046,81,28.7626,-81.7116,,,,,,,
36048,107,37.7226,-122.1129,,,,,,,
36053,81,32.5637027,-97.324401,,,,,,,
36054,81,36.6198,-121.7579,,,,,,,
36057,81,47.59216036,-121.9932469,,,,,,,
36060,60,31.492,-110.8542,,,,,,,
36064,81,41.7261,-80.8551,,,,,,,
36066,81,38.105,-77.8327,,,,,,,
36069,81,34.6212,-77.3024,,,,,,,
36070,62,29.5082066,-95.0496156,,,,,,,
36071,81,35.3926,-81.354,,,,,,,
36073,81,38.7265,-121.1324,,,,,,,
36074,81,41.1193,-98.5472,,,,,,,
36075,81,27.7324,-82.4434,,,,,,,
36080,127,32.7006,-97.7723,,,,,,,
36081,81,34.7856,-77.3892,,,,,,,
36082,81,34.8567,-77.4966,,,,,,,
36083,81,34.8575,-77.4971,,,,,,,
36084,107,41.9767,-111.3466,,,,,,,
36085,81,34.8565,-77.4978,,,,,,,
36086,18,46.2969,-122.8112,,,,,,,
36087,81,34.8568,-77.4962,,,,,,,
36088,81,34.8577,-77.4945,,,,,,,
36089,81,34.8566,-77.4982,,,,,,,
36090,81,34.8564,-77.4983,,,,,,,
36091,164,41.25213,-96.07836,,,,,,,
36092,240,29.7146,-95.2095,,,,,,,
36093,181,38.35314354,-78.94510409,,,,,,,
36095,135,35.4357,-80.9576,,,,,,,
36096,81,33.1631,-97.7262,,,,,,,
36098,48,31.75390534,-106.4022935,,,,,,,
36099,26,34.2988,-93.2558,,,,,,,
36101,81,43.00805354,-81.12099567,,,,,,,
36104,107,45.3121,-122.5051,,,,,,,
36110,81,32.7791,-97.6893,,,,,,,
36112,104,38.9415,-94.3245,,,,,,,
36113,81,42.23705781,-83.10684083,,,,,,,
36114,81,44.8687,-93.7839,,,,,,,
36115,107,39.2517,-72.4382,,,,,,,
36116,48,36.39799611,-100.8119688,,,,,,,
36119,81,36.39811795,-100.8120264,,,,,,,
36121,166,44.3168,-80.4997,,,,,,,
36124,52,43.6424126,-116.3535059,,,,,,,
36126,81,30.2675,-81.3997,,,,,,,
36127,81,41.7788,-71.4352,,,,,,,
36128,81,38.7437,-121.1573,,,,,,,
36129,129,26.0646,-80.2732,,,,,,,
36130,81,33.1905,-96.7991,,,,,,,
36136,127,38.3929,-91.8219,,,,,,,
36139,81,31.4521,-83.5096,,,,,,,
36140,82,38.54480289,-123.3010857,,,,,,,
36144,81,47.59253346,-121.9965929,,,,,,,
36145,81,45.5528,-122.4509,,,,,,,
36151,39,43.4409,-78.7658,,,,,,,
36154,166,45.491,-73.5545,,,,,,,
36156,89,46.2814,-80.3278,,,,,,,
36159,81,42.1901,-91.5258,,,,,,,
36160,91,46.282,-80.325,,,,,,,
36161,81,37.5149,-85.2456,,,,,,,
36164,215,46.5462,-114.127,,,,,,,
36165,81,35.9714,-86.4675,,,,,,,
36166,81,30.0854,-98.4196,,,,,,,
36167,239,39.57997034,-106.0884661,,,,,,,
36168,81,30.6673,-95.5301,,,,,,,
36170,81,33.1905,-96.7991,,,,,,,
36171,91,44.6737,-79.3733,,,,,,,
36172,107,35.8709,-86.4685,,,,,,,
36173,81,38.335,-75.08436,,,,,,,
36174,81,44.8687,-93.7839,,,,,,,
36176,81,35.8224,-86.4182,,,,,,,
36177,81,35.8345,-86.425,,,,,,,
36178,81,35.0332,-85.5383,,,,,,,
36179,105,35.9034,-86.4238,,,,,,,
36181,81,28.8702,-96.9876,,,,,,,
36182,107,44.39286195,-121.2916674,,,,,,,
36183,209,35.7919485,-83.97606189,,,,,,,
36185,81,41.25213,-96.07836,,,,,,,
36189,81,39.891,-76.6992,,,,,,,
36190,157,36.24287017,-75.86635733,,,,,,,
36191,81,32.3363306,-96.6388385,,,,,,,
36194,209,35.2641,-86.3101,,,,,,,
36197,81,33.0945,-96.6425,,,,,,,
36198,26,31.30335749,-87.38978322,,,,,,,
36200,81,38.2185,-120.9705,,,,,,,
36207,81,43.9183,-96.9291,,,,,,,
36208,81,43.9183,-96.9291,,,,,,,
36210,81,31.477,-98.4325,,,,,,,
36211,81,37.1419,-94.5121,,,,,,,
36212,274,40.884,-90.7793,,,,,,,
36216,81,33.5152,-84.2946,,,,,,,
36220,26,36.5934,-94.7709,,,,,,,
36221,81,33.2904,-96.4908,,,,,,,
36225,81,33.42986795,-84.43594239,,,,,,,
36226,108,30.125,-85.5384,,,,,,,
36227,52,31.75281278,-106.4027728,,,,,,,
36231,81,36.0251,-84.1806,,,,,,,
36232,48,29.0507,-95.4515,,,,,,,
36233,67,29.7146,-95.2096,,,,,,,
36237,81,34.9668,-89.849,,,,,,,
36240,81,37.7033,-70.2737,,,,,,,
36247,81,27.94246332,-81.98363426,,,,,,,
36248,105,45.0470995,-93.0612482,,,,,,,
36249,81,34.8855,-77.5227,,,,,,,
36253,81,30.3086,-97.5232,,,,,,,
36254,81,30.1864,-97.9853,,,,,,,
36255,63,37.948,-86.0305,,,,,,,
36256,81,35.4727,-86.0963,,,,,,,
36260,127,41.1702,-74.3919,,,,,,,
36261,91,48.0255,-3.7041,,,,,,,
36262,81,37.80332203,-121.312794,,,,,,,
36263,54,28.3767,-80.6992,,,,,,,
36264,97,59.5628,-152.1125,,,,,,,
36269,81,26.0238,-80.2504,,,,,,,
36274,60,34.1643,-84.7277,,,,,,,
36279,81,29.0322,-95.4118,,,,,,,
36283,18,31.4521,-83.5096,,,,,,,
36284,286,46.4946,-94.0032,,,,,,,
36288,81,34.5761,-119.95792,,,,,,,
36289,127,36.6925,-86.0409,,,,,,,
36293,32,42.229,-88.259,,,,,,,
36296,81,36.7373,-76.3504,,,,,,,
36298,81,28.994,-81.9348,,,,,,,
36299,81,41.4516797,-81.6834564,,,,,,,
36300,81,44.555,-35.7954,,,,,,,
36303,62,38.9986,-71.4114,,,,,,,
36304,127,32.7,-97.7734,,,,,,,
36306,26,31.8871,-97.3582,,,,,,,
36307,81,38.7409,-121.1695,,,,,,,
36314,81,29.94814534,-97.88000593,,,,,,,
36315,107,44.1076543,-120.7658622,,,,,,,
36316,81,26.6247,-80.1426,,,,,,,
36318,81,30.31211324,-87.41296308,,,,,,,
36319,81,34.3773,-92.8332,,,,,,,
36320,81,34.6859,-92.5527,,,,,,,
36322,81,39.9773,-82.8786,,,,,,,
36325,81,33.5429,-85.0902,,,,,,,
36326,81,42.939,-73.8569,,,,,,,
36328,48,36.5403,-75.9725,,,,,,,
36329,81,37.06141831,-120.8564953,,,,,,,
36330,81,38.87582382,-94.31741094,,,,,,,
36332,81,36.8124,-76.0041,,,,,,,
36334,48,36.5393,-75.9713,,,,,,,
36338,81,28.9979,-81.9553,,,,,,,
36339,288,37.4564,-88.2538,,,,,,,
36341,283,36.8225,-75.9831,,,,,,,
36342,135,37.91588776,-121.3032093,,,,,,,
36344,81,30.0428,-95.1196,,,,,,,
36345,81,43.81177,-71.03498,,,,,,,
36353,81,41.8202,-88.3932,,,,,,,
36354,48,46.51983,-86.05881,,,,,,,
36356,81,29.9779,-97.8586,,,,,,,
36358,81,39.41761193,-80.87085147,,,,,,,
36362,166,49.8702,-97.3228,,,,,,,
36363,214,40.9279,-98.3494,,,,,,,
36368,85,35.7401,-86.6614,,,,,,,
36370,81,41.24975635,-74.9155441,,,,,,,
36372,81,39.1933,-81.5316,,,,,,,
36373,81,29.5458,-98.6931,,,,,,,
36376,81,40.5562,-81.4792,,,,,,,
36377,81,26.0236,-80.2502,,,,,,,
36380,81,40.5819,-80.004,,,,,,,
36381,81,28.32673836,-81.34783016,,,,,,,
36383,81,35.303,-85.0494,,,,,,,
36384,81,40.8283,-90.5959,,,,,,,
36389,107,45.7157,-122.7028,,,,,,,
36390,139,42.0295,-70.2309,,,,,,,
36391,26,32.7003,-97.7721,,,,,,,
36392,81,39.1892,-81.5045,,,,,,,
36393,107,47.59238027,-121.9962205,,,,,,,
36394,81,44.271,-93.7843,,,,,,,
36397,39,43.4682,-78.63,,,,,,,
36398,81,28.5732,-81.9002,,,,,,,
36399,81,35.0173,-89.8567,,,,,,,
36400,176,35.36692,-120.84711,,,,,,,
36402,81,33.9423,-80.394,,,,,,,
36407,81,40.1929,-82.9211,,,,,,,
36410,19,28.9433,-95.29772,,,,,,,
36411,81,33.9361,-80.3987,,,,,,,
36413,137,29.55,-95.0289,,,,,,,
36415,47,33.5812,-80.2118,,,,,,,
36416,159,39.0899,-76.4661,,,,,,,
36418,81,46.2526308,-119.3263063,,,,,,,
36420,35,33.5825,-80.2126,,,,,,,
36423,65,21.32916547,-157.8976398,,,,,,,
36424,137,33.2323,-79.6259,,,,,,,
36426,26,36.390515,-97.07287,,,,,,,
36429,81,28.833,-96.9519,,,,,,,
36431,209,36.5098,-79.383,,,,,,,
36432,81,41.3441,-84.4339,,,,,,,
36434,63,35.7972,-94.8872,,,,,,,
36436,127,35.7408,-81.9028,,,,,,,
36437,108,29.2706,-94.8469,,,,,,,
36439,81,44.3013488,-93.4216022,,,,,,,
36440,81,44.2432143,-93.41169521,,,,,,,
36441,81,29.9915,-98.4278,,,,,,,
36443,81,29.9914,-98.4279,,,,,,,
36444,51,43.63853417,-76.5245533,,,,,,,
36447,254,25.77481,-80.19773,,,,,,,
36449,81,28.6569,-81.4284,,,,,,,
36450,81,30.8,-88.1587,,,,,,,
36453,52,33.56616418,-101.8013675,,,,,,,
36455,81,37.7332,-88.5129,,,,,,,
36456,139,40.6904,-73.1015,,,,,,,
36457,248,46.9327,60.96,,,,,,,
36461,81,32.1849,-110.8146,,,,,,,
36465,107,41.7261,-80.8551,,,,,,,
36466,81,34.52066433,-118.6053202,,,,,,,
36467,209,35.289,-93.2035,,,,,,,
36468,81,35.86795282,-95.30898143,,,,,,,
36470,81,29.0206,-95.4016,,,,,,,
36473,81,30.115,-97.8718,,,,,,,
36475,108,28.3416,-80.6116,,,,,,,
36476,317,35.3673,-80.948,,,,,,,
36477,40,40.1125,-79.3829,,,,,,,
36481,297,27.7826,-82.7845,,,,,,,
36482,81,30.1852,-98.0075,,,,,,,
36483,81,30.1697,-97.9994,,,,,,,
36485,81,47.58702153,-122.0018784,,,,,,,
36489,81,41.2339,-97.7548,,,,,,,
36490,108,29.0272,-80.923,,,,,,,
36494,81,31.3394,-86.4511,,,,,,,
36496,81,32.9767,-96.921,,,,,,,
36498,139,35.8518,-84.17,,,,,,,
36499,139,35.8519,-84.1699,,,,,,,
36500,252,29.6905,-95.446,,,,,,,
36501,81,30.6328,-88.1685,,,,,,,
36503,81,32.9324,-97.6732,,,,,,,
36506,81,29.5478,-98.5619,,,,,,,
36507,135,37.9507,-120.5286,,,,,,,
36508,81,29.6376,-95.0718,,,,,,,
36511,81,28.871,-97.0297,,,,,,,
36512,107,31.754011,-106.4023232,,,,,,,
36514,32,31.1008,-97.3707,,,,,,,
36515,101,43.521,-79.5147,,,,,,,
36516,81,30.85324,-96.97704,,,,,,,
36518,81,30.0274,-95.2578,,,,,,,
36521,81,41.7401,-72.5892,,,,,,,
36527,67,41.125,-96.037,,,,,,,
36529,81,29.6469,-95.074,,,,,,,
36530,81,34.1294,-84.3086,,,,,,,
36532,81,33.5046,-90.1247,,,,,,,
36536,81,35.3204147,-80.8149235,,,,,,,
36538,81,35.0848,-85.4728,,,,,,,
36544,81,26.23636115,-99.40636638,,,,,,,
36545,81,29.9916,-98.4281,,,,,,,
36546,144,39.0966,-74.7189,,,,,,,
36547,81,34.7098,-79.8959,,,,,,,
36548,137,24.547,-81.7956,,,,,,,
36549,127,42.7281,-92.4703,,,,,,,
36551,81,35.79212565,-83.976266,,,,,,,
36554,81,29.0292,-95.4194,,,,,,,
36555,81,47.201,28.4637,,,,,,,
36559,81,37.7399,-88.6363,,,,,,,
36561,18,38.1705,-78.2799,,,,,,,
36563,81,38.1705,-78.2799,,,,,,,
36568,81,42.1027,-83.0916,,,,,,,
36570,47,40.42419365,-78.39341632,,,,,,,
36571,89,42.5656,-82.7832,,,,,,,
36572,127,40.43142369,-78.35802867,,,,,,,
36576,81,31.75,-85.9934,,,,,,,
36578,81,33.0913934,-96.6806864,,,,,,,
36580,81,31.2551,-85.4153,,,,,,,
36582,39,43.4962,-78.6546,,,,,,,
36583,52,40.43131804,-78.35797397,,,,,,,
36585,81,42.70054235,-83.65037872,,,,,,,
36587,107,40.1502,-111.5577,,,,,,,
36590,229,29.5923,-94.9918,,,,,,,
36591,107,40.5006757,-78.4158835,,,,,,,
36593,81,30.2288,-95.4409,,,,,,,
36596,127,32.6536,-97.9169,,,,,,,
36597,81,44.29403488,-93.42677103,,,,,,,
36603,209,38.9376,-95.3036,,,,,,,
36607,81,35.8327,-79.7438,,,,,,,
36612,81,26.0237,-80.2505,,,,,,,
36620,52,40.5561,-81.4794,,,,,,,
36621,81,30.8406,-91.2171,,,,,,,
36624,81,42.6135,-83.9142,,,,,,,
36625,81,39.1107527,-121.4244127,,,,,,,
36627,81,44.8687,-93.7839,,,,,,,
36629,107,44.1117,-120.7811,,,,,,,
36630,32,44.3815,-123.597,,,,,,,
36634,48,40.5461,-111.9167,,,,,,,
36636,52,44.184884,-94.841481,,,,,,,
36637,81,30.4273,-90.9504,,,,,,,
36643,139,38.7445,-121.2535,,,,,,,
36659,91,42.8291,-73.9539,,,,,,,
36660,81,33.1383,-96.3469,,,,,,,
36661,81,34.3786,-89.5486,,,,,,,
36665,192,32.7005,-97.7731,,,,,,,
36666,26,32.7,-97.7735,,,,,,,
36668,48,41.9052,-91.5089,,,,,,,
36669,91,64.79726037,-147.7353676,,,,,,,
36670,127,35.493,-93.0139,,,,,,,
36671,107,39.8416,-105.1335,,,,,,,
36672,107,39.605,-105.1412,,,,,,,
36674,222,46.0427,-122.8397,,,,,,,
36680,32,28.3794,-80.6681,,,,,,,
36682,81,35.3411,-81.5018,,,,,,,
36686,81,40.47277869,-78.42498007,,,,,,,
36687,81,29.9915,-98.428,,,,,,,
36688,70,35.56831661,-97.6168437,,,,,,,
36691,18,47.58588996,-122.0016356,,,,,,,
36692,81,29.6422,-95.0715,,,,,,,
36695,81,40.50038632,-78.41604806,,,,,,,
36699,107,40.42335,-78.43362,,,,,,,
36700,290,40.35637,-78.42846,,,,,,,
36708,89,42.5711,-82.7891,,,,,,,
36712,81,30.3751,-94.3344,,,,,,,
36715,91,42.5655,-82.7829,,,,,,,
36721,139,36.04,-86.4735,,,,,,,
36722,81,30.1985,-97.981,,,,,,,
36725,81,29.0297,-95.4195,,,,,,,
36726,302,40.6697156,-74.2742707,,,,,,,
36727,32,33.3986,-101.9334,,,,,,,
36728,81,34.2305,-96.6894,,,,,,,
36732,139,37.0349,-121.0766,,,,,,,
36734,139,37.0964,-121.049,,,,,,,
36735,139,37.0733,-121.0168,,,,,,,
36739,81,29.5636,-98.6867,,,,,,,
36740,127,47.5753,-122.1892,,,,,,,
36742,81,38.6006,-95.2791,,,,,,,
36744,32,44.0224,-84.7954,,,,,,,
36745,192,42.4257,-84.9394,,,,,,,
36750,107,43.4724,-78.6927,,,,,,,
36752,26,31.8874,-97.3585,,,,,,,
36753,81,35.8799523,-95.27404688,,,,,,,
36762,209,39.99765157,-81.73553966,,,,,,,
36771,81,34.7484,-77.9348,,,,,,,
36786,81,29.1574,-95.6227,,,,,,,
36788,81,29.1575,-95.6226,,,,,,,
36789,81,30.0795,-98.4217,,,,,,,
36793,280,26.0369,-80.2706,,,,,,,
36794,209,39.99771876,-81.73521506,,,,,,,
36796,81,32.1849,-110.8146,,,,,,,
36801,48,37.5613471,-77.54193079,,,,,,,
36804,113,36.8345,-83.3257,,,,,,,
36805,18,35.3639,-81.1778,,,,,,,
36806,81,33.9304,-80.3873,,,,,,,
36807,81,43.5096,-79.9394,,,,,,,
36812,240,29.7146,-95.2094,,,,,,,
36815,26,31.8873,-97.3583,,,,,,,
36816,81,35.7919606,-83.97606907,,,,,,,
36818,242,41.9043,-91.5105,,,,,,,
36821,81,37.9432,-122.2435,,,,,,,
36822,217,33.4597,-117.6921,,,,,,,
36823,81,34.8241,-77.8297,,,,,,,
36824,81,41.5568,-84.5656,,,,,,,
36827,81,44.8727,-93.1416,,,,,,,
36828,81,29.6478,-95.0746,,,,,,,
36831,127,48.14212385,-122.2947904,,,,,,,
36833,18,32.781,-97.6884,,,,,,,
36836,107,36.46096088,-91.52642648,,,,,,,
36837,91,44.15872102,-94.84822025,,,,,,,
36838,108,28.38,-80.668,,,,,,,
36841,107,37.67169776,-121.8401796,,,,,,,
36848,103,27.7981,-97.3877,,,,,,,
36853,91,43.19673717,-94.94768836,,,,,,,
36854,91,43.19118961,-94.94963383,,,,,,,
36859,152,43.03245247,-95.0487517,,,,,,,
36862,81,43.13280344,-94.6658478,,,,,,,
36868,81,33.0617,-96.8361,,,,,,,
36877,26,52.0825,4.2893,,,,,,,
36878,107,43.4456,-78.693,,,,,,,
36879,274,39.99778657,-81.73525317,,,,,,,
36882,297,27.5119,-82.5742,,,,,,,
36888,81,29.0205,-95.4024,,,,,,,
36889,63,31.4929,-97.163,,,,,,,
36890,81,29.0204,-95.4023,,,,,,,
36892,81,40.8282,-90.5958,,,,,,,
36894,156,40.5622,-111.9366,,,,,,,
36896,52,35.78449342,-81.4855018,,,,,,,
36897,81,29.9916,-98.4279,,,,,,,
36898,81,26.6525,-80.2389,,,,,,,
36899,48,40.546,-111.9166,,,,,,,
36905,257,33.5983,-117.9012,,,,,,,
36912,107,43.9388,-120.5586,,,,,,,
36913,107,40.546,-111.9166,,,,,,,
36914,19,33.82766,-78.6849,,,,,,,
36915,51,44.75991626,-85.61409142,,,,,,,
36917,48,40.4158,-111.7812,,,,,,,
36919,152,45.1115,-93.5185,,,,,,,
36924,108,29.7165,-95.2126,,,,,,,
36927,105,36.4094767,-83.0564464,,,,,,,
36929,81,30.9073,-97.2306,,,,,,,
36931,81,32.7339,-114.6134,,,,,,,
36936,107,47.0665,-109.4244,,,,,,,
36938,48,31.75372727,-106.4022519,,,,,,,
36939,81,29.6415,-95.071,,,,,,,
36944,81,32.7979,-79.9656,,,,,,,
36952,118,40.26728,-82.94435,,,,,,,
36963,81,37.4293,-76.4958,,,,,,,
36973,81,34.823,-77.8261,,,,,,,
36974,18,44.9336,-93.6485,,,,,,,
36976,18,44.9335,-93.648,,,,,,,
36986,81,39.99791615,-81.73542156,,,,,,,
36998,81,39.8324,-75.529,,,,,,,
,,,,,,,,,,
37000,26,37.2546,-6.9452,,,,,,,
37007,81,35.23759,-81.34225,,,,,,,
37009,81,35.0216,-89.8288,,,,,,,
37013,117,47.2798,-104.5249,,,,,,,
37014,70,35.79072625,-83.97439423,,,,,,,
37016,81,31.75282556,-106.4028548,,,,,,,
37021,81,37.57249985,-97.36743532,,,,,,,
37028,135,33.3003,-87.5611,,,,,,,
37029,81,29.6441,-95.0711,,,,,,,
37030,81,39.4574,-84.2777,,,,,,,
37036,91,44.1585754,-94.84072758,,,,,,,
37041,108,28.3767,-80.7001,,,,,,,
37048,107,37.5744,-121.9996,,,,,,,
37052,81,38.7439,-121.1573,,,,,,,
37056,280,26.0366,-80.2703,,,,,,,
37063,107,43.4759,-78.722,,,,,,,
37068,62,41.8794,-70.3499,,,,,,,
37070,107,40.3326,-76.5523,,,,,,,
37075,32,43.78387781,-91.23693247,,,,,,,
37077,81,32.1849,-110.8146,,,,,,,
37078,32,34.1795291,-84.5202889,,,,,,,
37082,152,42.6342,-92.5013,,,,,,,
37083,35,32.57832709,-89.27305,,,,,,,
37085,81,45.0035,-73.3349,,,,,,,
37087,81,31.6183545,-96.2347739,,,,,,,
37089,81,35.28506,-81.28559,,,,,,,
37090,209,31.8874,-97.3584,,,,,,,
37099,81,30.3951,-90.0382,,,,,,,
37100,108,28.9572,-95.2918,,,,,,,
37111,29,20.0015,-155.8176,,,,,,,
37115,81,38.84568331,-94.92453012,,,,,,,
37116,139,38.0803,-121.9405,,,,,,,
37117,81,29.644,-95.0718,,,,,,,
37119,127,40.8229,-76.8393,,,,,,,
37121,32,35.23759,-81.34225,,,,,,,
37140,280,26.0367,-80.2707,,,,,,,
37147,81,35.2664,-87.4203,,,,,,,
37149,19,29.7095,-94.9825,,,,,,,
37153,144,41.6707,-71.4252,,,,,,,
37158,81,34.1812,-91.9881,,,,,,,
37166,81,29.9916,-98.4279,,,,,,,
37171,81,30.2951,-97.6088,,,,,,,
37175,60,35.43569,-80.95758,,,,,,,
37178,107,41.8551,-80.9909,,,,,,,
37180,107,29.1566,-95.6422,,,,,,,
37188,26,33.1708,-87.2371,,,,,,,
37190,81,29.6454,-95.0726,,,,,,,
37191,81,40.50040813,-78.41630984,,,,,,,
37196,107,43.4051,-78.6724,,,,,,,
37210,107,35.3666012,-94.390213,,,,,,,
37211,137,28.2062,-82.8414,,,,,,,
37219,81,34.3514,-86.2989,,,,,,,
37224,81,36.7388,-76.3503,,,,,,,
37225,283,29.51299376,-89.76479469,,,,,,,
37226,108,35.4605,-80.8968,,,,,,,
37227,32,39.96539184,-81.9443869,,,,,,,
37228,81,30.0794,-98.4219,,,,,,,
37231,274,26.02281145,-80.28133824,,,,,,,
37233,81,37.9745,-121.8251,,,,,,,
37239,81,30.0476,-99.1546,,,,,,,
37240,81,30.177,-96.4646,,,,,,,
37243,81,30.1792,-96.4717,,,,,,,
37245,107,29.0207,-95.4018,,,,,,,
37253,214,32.21637052,-95.46913361,,,,,,,
37263,81,39.083,-96.0033,,,,,,,
37264,81,40.50038564,-78.41636543,,,,,,,
37274,81,33.4013,-86.8144,,,,,,,
37275,81,35.04821495,-88.72904807,,,,,,,
37277,81,29.0287,-95.3912,,,,,,,
37280,81,41.7565,-83.4688,,,,,,,
37283,81,30.8002,-88.1582,,,,,,,
37285,19,27.523,-82.5854,,,,,,,
37288,107,33.0065,-117.0142,,,,,,,
37291,81,33.9301,-80.387,,,,,,,
37292,81,33.9297,-80.3895,,,,,,,
37293,81,30.0425,-95.12,,,,,,,
37297,92,38.7439,-121.1572,,,,,,,
37304,81,32.53946292,-84.86147307,,,,,,,
37306,81,32.3009,-89.9505,,,,,,,
37316,48,60.314,-154.1339,,,,,,,
37317,107,31.1155,-97.3332,,,,,,,
37319,52,42.787,-103.3057,,,,,,,
37321,52,34.3503,-101.3304,,,,,,,
37322,81,37.4481,-89.6395,,,,,,,
37333,19,28.3792,-80.6679,,,,,,,
37336,81,39.7918,-75.553,,,,,,,
37339,81,31.75003057,-106.4033713,,,,,,,
37345,274,30.13647496,-95.57520845,,,,,,,
37350,81,36.7371,-76.3505,,,,,,,
37353,81,43.9107,-91.2511,,,,,,,
37365,81,46.8832,-95.6974,,,,,,,
37366,81,34.9562,-89.8376,,,,,,,
37367,236,43.9074,-71.0735,,,,,,,
37376,127,44.32790717,-80.48213708,,,,,,,
37377,81,38.2451,-85.573,,,,,,,
37382,81,31.2788,-92.6126,,,,,,,
37389,81,30.4403,-98.0646,,,,,,,
37392,81,33.5904,-84.1138,,,,,,,
37397,107,47.6718,-122.006,,,,,,,
37402,129,26.0366,-80.2702,,,,,,,
37408,81,34.81675611,-85.63489117,,,,,,,
37416,81,32.0496,-92.1095,,,,,,,
37418,209,30.3907,-97.9065,,,,,,,
37419,81,32.5784,-97.2924,,,,,,,
37420,48,29.6439,-95.0713,,,,,,,
37422,297,26.9184,-82.354,,,,,,,
37423,81,30.3999,-90.0351,,,,,,,
37425,81,30.392,-90.0313,,,,,,,
37429,81,33.8331,-80.3633,,,,,,,
37430,81,30.3996,-90.0396,,,,,,,
37431,81,30.4025,-90.037,,,,,,,
37432,81,30.4023,-90.0305,,,,,,,
37433,81,30.4025,-90.0411,,,,,,,
37434,81,30.4391,-90.0415,,,,,,,
37435,81,30.4568,-90.0405,,,,,,,
37438,81,36.29807859,-95.15946914,,,,,,,
37439,81,30.4788,-90.0379,,,,,,,
37440,81,30.4827,-90.0434,,,,,,,
37441,81,39.607,-14.4,,,,,,,
37443,92,38.7443,-121.1722,,,,,,,
37444,81,30.2203,-81.6796,,,,,,,
37445,107,34.4125,-103.2181,,,,,,,
37447,81,47.24552288,-122.7584478,,,,,,,
37449,60,32.747,-114.7044,,,,,,,
37450,81,43.4081,-89.0367,,,,,,,
37454,18,34.1565,-86.8782,,,,,,,
37456,81,28.8227,-97.017,,,,,,,
37457,81,38.2434,-120.9935,,,,,,,
37458,81,31.75174469,-106.4033708,,,,,,,
37463,223,30.3951,-90.0377,,,,,,,
37465,81,35.57111064,-78.9698508,,,,,,,
37466,272,28.7336,-80.8396,,,,,,,
37467,81,35.57127556,-78.97727866,,,,,,,
37468,81,35.57317927,-78.97678194,,,,,,,
37471,91,44.1176,-88.8093,,,,,,,
37472,91,44.2798,-88.8833,,,,,,,
37473,91,48.11570792,-103.1112885,,,,,,,
37477,81,32.8136,-80.1166,,,,,,,
37479,107,35.363,-84.2944,,,,,,,
37480,38,44.1990975,-94.84352626,,,,,,,
37482,274,41.13745289,-85.11029174,,,,,,,
37483,107,34.4289683,-118.6241014,,,,,,,
37486,32,30.9074,-97.2305,,,,,,,
37492,81,30.2479,-97.725,,,,,,,
37494,81,34.6546,-77.2982,,,,,,,
37495,81,35.0214,-89.8287,,,,,,,
37497,135,35.2464,-87.348,,,,,,,
37500,81,33.8019,-90.1193,,,,,,,
37504,81,32.731,-114.6126,,,,,,,
37507,81,37.2171,-87.2127,,,,,,,
37517,317,35.57450645,-81.01307566,,,,,,,
37520,81,33.8368,-80.3669,,,,,,,
37524,18,33.8369,-80.367,,,,,,,
37525,48,33.5633,-112.2351,,,,,,,
37528,152,44.25380914,-88.41386221,,,,,,,
37535,81,29.6444,-95.0728,,,,,,,
37537,107,42.642,-112.0067,,,,,,,
37543,32,30.4015,-90.0296,,,,,,,
37544,92,38.1233,-121.9613,,,,,,,
37546,81,26.5403,-80.1358,,,,,,,
37548,107,31.75258401,-106.4032152,,,,,,,
37549,81,29.9917,-98.4277,,,,,,,
37554,81,32.5343,-93.6627,,,,,,,
37555,81,36.50112011,-87.83126572,,,,,,,
37556,32,31.9519,-97.3218,,,,,,,
37558,81,41.6391,-83.4413,,,,,,,
37564,274,41.13764159,-85.11056752,,,,,,,
37566,81,36.8117,-98.0771,,,,,,,
37568,107,34.7647,-83.4524,,,,,,,
37572,81,30.3503,-95.15,,,,,,,
37575,81,34.9827251,-79.222705,,,,,,,
37576,81,34.97858,-79.22403,,,,,,,
37579,81,34.9827251,-79.222705,,,,,,,
37580,52,32.7302,-97.3581,,,,,,,
37581,81,30.3464,-95.1027,,,,,,,
37582,81,33.8893,-86.0475,,,,,,,
37583,81,33.37254165,-81.94183017,,,,,,,
37589,47,42.16254366,-72.69617981,,,,,,,
37597,81,29.5793,-96.3374,,,,,,,
37599,81,29.579,-96.3359,,,,,,,
37607,306,34.0952,-119.0714,,,,,,,
37608,135,38.27312078,-104.7568003,,,,,,,
37609,152,44.25395486,-88.41370109,,,,,,,
37610,280,26.0366,-80.2702,,,,,,,
37614,81,29.7081,-98.1243,,,,,,,
37618,81,35.332,-96.9248,,,,,,,
37619,81,28.8412,-97.0135,,,,,,,
37621,181,39.99772809,-81.7353181,,,,,,,
37622,81,39.78,-75.4888,,,,,,,
37624,60,36.98672,-89.13063,,,,,,,
37627,81,29.6462,-95.0733,,,,,,,
37628,81,28.0461,-82.4915,,,,,,,
37632,81,31.1233,-85.4138,,,,,,,
37636,81,38.9087469,-82.07858316,,,,,,,
37641,48,30.2092,-97.6401,,,,,,,
37644,251,43.3345,-111.2058,,,,,,,
37645,81,34.40774104,-119.3377055,,,,,,,
37659,81,40.0294,-91.0664,,,,,,,
37662,107,37.93,-81.9004,,,,,,,
37663,107,37.9306,-81.9002,,,,,,,
37666,81,32.6592,-86.3107,,,,,,,
37668,81,29.78398854,-90.84406444,,,,,,,
37672,81,29.78930978,-90.84466223,,,,,,,
37674,139,36.34623405,-118.0303048,,,,,,,
37682,81,32.8974,-97.27,,,,,,,
37683,81,37.2503,-94.9239,,,,,,,
37685,32,41.54,-82.7335,,,,,,,
37686,81,28.5709,-81.5364,,,,,,,
37687,81,46.1051,-97.6387,,,,,,,
37688,81,38.88906232,-75.83036728,,,,,,,
37689,81,47.44608969,-122.1064024,,,,,,,
37690,214,38.10469524,-78.46757919,,,,,,,
37692,81,32.97216168,-96.89206059,,,,,,,
37694,107,35.3104,-81.1975,,,,,,,
37697,81,37.58306758,-97.25514947,,,,,,,
37698,81,35.9891,-95.9191,,,,,,,
37703,81,28.5027,-81.3382,,,,,,,
37704,135,38.2263,-120.8775,,,,,,,
37705,9,47.6975,-53.7265,,,,,,,
37709,81,38.2109,-120.9919,,,,,,,
37710,135,38.2242,-120.9292,,,,,,,
37714,81,32.8635,-98.5452,,,,,,,
37720,81,33.1434,-97.1621,,,,,,,
37723,81,39.4718,-78.6209,,,,,,,
37726,81,33.6191,-84.0997,,,,,,,
37727,81,33.59,-84.1149,,,,,,,
37728,107,35.36842,-94.34855,,,,,,,
37731,18,36.8233628,-85.11972143,,,,,,,
37734,81,32.807,-92.6575,,,,,,,
37735,81,30.5033,-90.0207,,,,,,,
37736,81,41.7658976,-78.02831956,,,,,,,
37739,152,44.25375367,-88.41377348,,,,,,,
37744,18,36.7463986,-85.1169647,,,,,,,
37746,81,31.887,-97.3583,,,,,,,
37750,81,39.98503564,-81.92903184,,,,,,,
37754,135,36.78498468,-85.10831163,,,,,,,
37758,40,42.43817135,-122.9593113,,,,,,,
37759,81,38.4771,-121.4522,,,,,,,
37760,62,29.33449,-94.77934,,,,,,,
37761,81,34.8967,-85.0078,,,,,,,
37762,81,29.6452,-95.0727,,,,,,,
37768,127,38.2064,-85.619,,,,,,,
37770,81,30.0748,-98.4184,,,,,,,
37771,286,32.9191,-97.369,,,,,,,
37773,91,40.6809,-78.5825,,,,,,,
37797,135,33.9667,-85.9761,,,,,,,
37800,81,35.43569,-80.95758,,,,,,,
37808,81,37.4703,-98.0823,,,,,,,
37809,139,38.7419,-121.1591,,,,,,,
37810,127,42.11060109,-71.71395569,,,,,,,
37816,107,40.4011,-110.3222,,,,,,,
37821,81,33.143,-97.162,,,,,,,
37822,81,44.5002,-90.0004,,,,,,,
37823,81,38.78486033,-90.25098369,,,,,,,
37831,29,19.5378,-154.9878,,,,,,,
37832,143,34.9781,-82.0805,,,,,,,
37844,81,40.6194,-74.8314,,,,,,,
37845,81,36.08062854,-95.81008945,,,,,,,
37846,81,36.08057924,-95.81005739,,,,,,,
37847,127,38.5511,-122.2317,,,,,,,
37849,81,35.3932,-80.7964,,,,,,,
37855,81,30.3031,-85.5378,,,,,,,
37857,91,44.16003339,-94.83622016,,,,,,,
37865,32,30.194,-81.7455,,,,,,,
37880,5,35.3417,-83.2034,,,,,,,
37882,60,39.9649,-76.4789,,,,,,,
37889,81,45.7644,-92.9899,,,,,,,
37890,81,34.0735,-86.7047,,,,,,,
37891,36,47.487,-53.2733,,,,,,,
37892,209,32.0957,-90.294,,,,,,,
37894,70,32.1975,-90.5458,,,,,,,
37954,81,40.3889,-78.7183,,,,,,,
37955,81,28.5899,-80.8629,,,,,,,
37959,306,34.0365,-118.688,,,,,,,
37973,81,29.4886,-95.1503,,,,,,,
37975,127,40.91,-74.0893,,,,,,,
37978,19,30.2489,-87.6652,,,,,,,